layout,split,regime,condition,probability_mass,success,wrong_goal,moves,touches,motor_steps,looks,motor_cost,total_cost,pragmatic_loss,decision_brier,decision_nll,decision_entropy,timeout
"development_001","development","ambiguous","active",1.0000000000000007,0.84999999999999998,0.15000000000000005,14.856666666666662,3.5800000000000005,18.436666666666664,1.0000000000000007,0.18436666666666665,0.7843666666666671,1.2343666666666671,0.26414761134025994,0.61728127047639925,0.6172812704763988,0
"development_001","development","ambiguous","no_epistemic",1.0000000000000007,0.84999999999999998,0.15000000000000005,14.856666666666662,3.5800000000000005,18.436666666666664,1.0000000000000007,0.18436666666666665,0.7843666666666671,1.2343666666666671,0.26414761134025994,0.61728127047639925,0.6172812704763988,0
"development_001","development","ambiguous","no_look",1,0.40000000000000008,0.59999999999999998,9.4266666666666676,2.3200000000000003,11.746666666666668,0,0.11746666666666668,0.11746666666666668,1.9174666666666667,0.7679999999999999,1.6386744144697165,1.638674414469717,0
"development_001","development","ambiguous","matched_random_look",0.99999999999999922,0.70000000000000018,0.3000000000000001,13.046666666666662,3.1600000000000006,16.20666666666666,0.66666666666666663,0.16206666666666661,0.5620666666666666,1.4620666666666668,0.43209840756017304,0.95774565180750459,0.95774565180750482,0
"development_001","development","ambiguous","compiled_matched",1.0000000000000007,0.84999999999999998,0.15000000000000005,14.856666666666662,3.5800000000000005,18.436666666666664,1.0000000000000007,0.18436666666666665,0.7843666666666671,1.2343666666666671,0.26414761134025994,0.61728127047639925,0.6172812704763988,0
"development_001","development","ambiguous","oracle",1,1,0,16.666666666666668,4,20.666666666666668,0,0.20666666666666667,0.20666666666666667,0.20666666666666667,0,0,0,0
"development_001","development","ambiguous","frozen_motor_keys",1.0000000000000007,0.16666666666666685,0.83333333333333359,9.9999999999999982,1.6666666666666679,11.666666666666671,1.0000000000000007,0.1166666666666667,0.71666666666666679,3.2166666666666663,0.26414761134025994,0.61728127047639925,0.6172812704763988,0
"development_001","development","ambiguous","frozen_motor_attention",1.0000000000000007,0,1.0000000000000007,6.9999999999999991,1.3333333333333341,8.3333333333333357,1.0000000000000007,0.083333333333333329,0.68333333333333357,3.683333333333334,0.26414761134025994,0.61728127047639925,0.6172812704763988,0
"development_001","development","ambiguous","reset_memory",1.0000000000000007,0,1.0000000000000007,3.6666666666666679,1.8800000000000008,5.5466666666666642,1.0000000000000007,0.055466666666666643,0.65546666666666697,3.6554666666666673,0.26414761134025994,0.61728127047639925,0.6172812704763988,0
"development_001","development","intermediate","active",0.99999999999999967,0.84999999999999998,0.14999999999999997,14.856666666666674,3.5799999999999996,18.436666666666664,0.99999999999999967,0.18436666666666671,0.78436666666666632,1.2343666666666662,0.23247095853774544,0.4863622732412532,0.48636227324125336,0
"development_001","development","intermediate","no_epistemic",0.99999999999999989,0.65000000000000002,0.34999999999999992,12.443333333333335,3.0199999999999996,15.463333333333336,0,0.15463333333333332,0.15463333333333332,1.2046333333333332,0.55299999999999994,1.2107499083865674,1.2107499083865669,0
"development_001","development","intermediate","no_look",0.99999999999999989,0.65000000000000002,0.34999999999999992,12.443333333333335,3.0199999999999996,15.463333333333336,0,0.15463333333333332,0.15463333333333332,1.2046333333333332,0.55299999999999994,1.2107499083865674,1.2107499083865669,0
"development_001","development","intermediate","matched_random_look",0.99999999999999944,0.78333333333333321,0.21666666666666676,14.052222222222227,3.3933333333333322,17.445555555555568,0.66666666666666641,0.1744555555555555,0.57445555555555605,1.2244555555555559,0.33931397235849686,0.72782481828969103,0.72782481828969059,0
"development_001","development","intermediate","compiled_matched",0.99999999999999967,0.84999999999999998,0.14999999999999997,14.856666666666674,3.5799999999999996,18.436666666666664,0.99999999999999967,0.18436666666666671,0.78436666666666632,1.2343666666666662,0.23247095853774544,0.4863622732412532,0.48636227324125336,0
"development_001","development","intermediate","oracle",0.99999999999999989,0.99999999999999989,0,16.666666666666664,3.9999999999999996,20.666666666666668,0,0.20666666666666669,0.20666666666666669,0.20666666666666669,0,0,0,0
"development_001","development","intermediate","frozen_motor_keys",0.99999999999999967,0.1666666666666666,0.83333333333333315,10.000000000000005,1.6666666666666661,11.666666666666666,0.99999999999999967,0.11666666666666665,0.71666666666666679,3.2166666666666672,0.23247095853774544,0.4863622732412532,0.48636227324125336,0
"development_001","development","intermediate","frozen_motor_attention",0.99999999999999967,0,0.99999999999999967,7.0000000000000036,1.333333333333333,8.3333333333333357,0.99999999999999967,0.083333333333333315,0.68333333333333346,3.683333333333334,0.23247095853774544,0.4863622732412532,0.48636227324125336,0
"development_001","development","intermediate","reset_memory",0.99999999999999967,0,0.99999999999999967,3.6666666666666661,1.8799999999999997,5.5466666666666695,0.99999999999999967,0.055466666666666636,0.65546666666666631,3.6554666666666686,0.23247095853774544,0.4863622732412532,0.48636227324125336,0
"development_001","development","reliable","active",1,0.90000000000000002,0.099999999999999978,15.459999999999999,3.7200000000000002,19.18,0,0.1918,0.1918,0.49179999999999996,0.18799999999999994,0.486026764634858,0.48602676463485794,0
"development_001","development","reliable","no_epistemic",1,0.90000000000000002,0.099999999999999978,15.459999999999999,3.7200000000000002,19.18,0,0.1918,0.1918,0.49179999999999996,0.18799999999999994,0.486026764634858,0.48602676463485794,0
"development_001","development","reliable","no_look",1,0.90000000000000002,0.099999999999999978,15.459999999999999,3.7200000000000002,19.18,0,0.1918,0.1918,0.49179999999999996,0.18799999999999994,0.486026764634858,0.48602676463485794,0
"development_001","development","reliable","matched_random_look",0.99999999999999944,0.90000000000000002,0.099999999999999936,15.460000000000008,3.7200000000000002,19.180000000000003,0.66666666666666619,0.19180000000000011,0.59180000000000044,0.89180000000000004,0.14808832614942521,0.31872908816036061,0.31872908816036055,0
"development_001","development","reliable","compiled_matched",1,0.90000000000000002,0.099999999999999978,15.459999999999999,3.7200000000000002,19.18,0,0.1918,0.1918,0.49179999999999996,0.18799999999999994,0.486026764634858,0.48602676463485794,0
"development_001","development","reliable","oracle",1,1,0,16.666666666666664,4,20.666666666666668,0,0.20666666666666669,0.20666666666666669,0.20666666666666669,0,0,0,0
"development_001","development","reliable","frozen_motor_keys",1,0.16666666666666666,0.83333333333333337,9.9999999999999982,1.6666666666666667,11.666666666666666,0,0.11666666666666668,0.11666666666666668,2.6166666666666667,0.18799999999999994,0.486026764634858,0.48602676463485794,0
"development_001","development","reliable","frozen_motor_attention",1,0,1,6.9999999999999991,1.3333333333333333,8.3333333333333339,0,0.083333333333333329,0.083333333333333329,3.0833333333333335,0.18799999999999994,0.486026764634858,0.48602676463485794,0
"development_001","development","reliable","reset_memory",1,0,1,3.6666666666666665,1.9200000000000002,5.5866666666666669,0,0.055866666666666683,0.055866666666666683,3.0558666666666667,0.18799999999999994,0.486026764634858,0.48602676463485794,0
"development_002","development","ambiguous","active",1.0000000000000007,0.84999999999999998,0.15000000000000005,15.959999999999999,3.5800000000000005,19.540000000000003,1.0000000000000007,0.19540000000000002,0.79540000000000033,1.2454000000000001,0.26414761134025994,0.61728127047639925,0.6172812704763988,0
"development_002","development","ambiguous","no_epistemic",1.0000000000000007,0.84999999999999998,0.15000000000000005,15.959999999999999,3.5800000000000005,19.540000000000003,1.0000000000000007,0.19540000000000002,0.79540000000000033,1.2454000000000001,0.26414761134025994,0.61728127047639925,0.6172812704763988,0
"development_002","development","ambiguous","no_look",1,0.40000000000000008,0.59999999999999998,9.8400000000000016,2.3200000000000003,12.159999999999998,0,0.12160000000000003,0.12160000000000003,1.9216,0.7679999999999999,1.6386744144697165,1.638674414469717,0
"development_002","development","ambiguous","matched_random_look",0.99999999999999922,0.70000000000000018,0.3000000000000001,13.920000000000002,3.1600000000000006,17.079999999999995,0.66666666666666663,0.17080000000000004,0.57080000000000009,1.4708000000000006,0.43209840756017304,0.95774565180750459,0.95774565180750482,0
"development_002","development","ambiguous","compiled_matched",1.0000000000000007,0.84999999999999998,0.15000000000000005,15.959999999999999,3.5800000000000005,19.540000000000003,1.0000000000000007,0.19540000000000002,0.79540000000000033,1.2454000000000001,0.26414761134025994,0.61728127047639925,0.6172812704763988,0
"development_002","development","ambiguous","oracle",1,1,0,18,4,22,0,0.22,0.22,0.22,0,0,0,0
"development_002","development","ambiguous","frozen_motor_keys",1.0000000000000007,0.16666666666666685,0.83333333333333359,7.6666666666666705,1.6666666666666679,9.3333333333333321,1.0000000000000007,0.09333333333333331,0.69333333333333336,3.1933333333333329,0.26414761134025994,0.61728127047639925,0.6172812704763988,0
"development_002","development","ambiguous","frozen_motor_attention",1.0000000000000007,0,1.0000000000000007,4.0000000000000027,1.3333333333333341,5.333333333333333,1.0000000000000007,0.053333333333333344,0.65333333333333365,3.6533333333333338,0.26414761134025994,0.61728127047639925,0.6172812704763988,0
"development_002","development","ambiguous","reset_memory",1.0000000000000007,0,1.0000000000000007,3.3333333333333353,1.8800000000000008,5.213333333333332,1.0000000000000007,0.052133333333333316,0.65213333333333356,3.6521333333333339,0.26414761134025994,0.61728127047639925,0.6172812704763988,0
"development_002","development","intermediate","active",0.99999999999999967,0.84999999999999998,0.14999999999999997,15.960000000000003,3.5799999999999996,19.540000000000003,0.99999999999999967,0.19539999999999999,0.79539999999999955,1.2454000000000001,0.23247095853774544,0.4863622732412532,0.48636227324125336,0
"development_002","development","intermediate","no_epistemic",0.99999999999999989,0.65000000000000002,0.34999999999999992,13.240000000000002,3.0199999999999996,16.260000000000002,0,0.16259999999999999,0.16259999999999999,1.2125999999999999,0.55299999999999994,1.2107499083865674,1.2107499083865669,0
"development_002","development","intermediate","no_look",0.99999999999999989,0.65000000000000002,0.34999999999999992,13.240000000000002,3.0199999999999996,16.260000000000002,0,0.16259999999999999,0.16259999999999999,1.2125999999999999,0.55299999999999994,1.2107499083865674,1.2107499083865669,0
"development_002","development","intermediate","matched_random_look",0.99999999999999944,0.78333333333333321,0.21666666666666676,15.053333333333333,3.3933333333333322,18.446666666666676,0.66666666666666641,0.18446666666666656,0.58446666666666702,1.2344666666666664,0.33931397235849686,0.72782481828969103,0.72782481828969059,0
"development_002","development","intermediate","compiled_matched",0.99999999999999967,0.84999999999999998,0.14999999999999997,15.960000000000003,3.5799999999999996,19.540000000000003,0.99999999999999967,0.19539999999999999,0.79539999999999955,1.2454000000000001,0.23247095853774544,0.4863622732412532,0.48636227324125336,0
"development_002","development","intermediate","oracle",0.99999999999999989,0.99999999999999989,0,18,3.9999999999999996,22,0,0.22,0.22,0.22,0,0,0,0
"development_002","development","intermediate","frozen_motor_keys",0.99999999999999967,0.1666666666666666,0.83333333333333315,7.6666666666666705,1.6666666666666661,9.3333333333333357,0.99999999999999967,0.093333333333333268,0.69333333333333336,3.1933333333333329,0.23247095853774544,0.4863622732412532,0.48636227324125336,0
"development_002","development","intermediate","frozen_motor_attention",0.99999999999999967,0,0.99999999999999967,3.9999999999999987,1.333333333333333,5.3333333333333357,0.99999999999999967,0.053333333333333337,0.6533333333333331,3.6533333333333329,0.23247095853774544,0.4863622732412532,0.48636227324125336,0
"development_002","development","intermediate","reset_memory",0.99999999999999967,0,0.99999999999999967,3.3333333333333335,1.8799999999999997,5.2133333333333374,0.99999999999999967,0.052133333333333337,0.6521333333333329,3.652133333333333,0.23247095853774544,0.4863622732412532,0.48636227324125336,0
"development_002","development","reliable","active",1,0.90000000000000002,0.099999999999999978,16.639999999999997,3.7200000000000002,20.359999999999999,0,0.2036,0.2036,0.50359999999999994,0.18799999999999994,0.486026764634858,0.48602676463485794,0
"development_002","development","reliable","no_epistemic",1,0.90000000000000002,0.099999999999999978,16.639999999999997,3.7200000000000002,20.359999999999999,0,0.2036,0.2036,0.50359999999999994,0.18799999999999994,0.486026764634858,0.48602676463485794,0
"development_002","development","reliable","no_look",1,0.90000000000000002,0.099999999999999978,16.639999999999997,3.7200000000000002,20.359999999999999,0,0.2036,0.2036,0.50359999999999994,0.18799999999999994,0.486026764634858,0.48602676463485794,0
"development_002","development","reliable","matched_random_look",0.99999999999999944,0.90000000000000002,0.099999999999999936,16.640000000000004,3.7200000000000002,20.360000000000003,0.66666666666666619,0.20360000000000009,0.60360000000000025,0.90360000000000007,0.14808832614942521,0.31872908816036061,0.31872908816036055,0
"development_002","development","reliable","compiled_matched",1,0.90000000000000002,0.099999999999999978,16.639999999999997,3.7200000000000002,20.359999999999999,0,0.2036,0.2036,0.50359999999999994,0.18799999999999994,0.486026764634858,0.48602676463485794,0
"development_002","development","reliable","oracle",1,1,0,17.999999999999996,4,22,0,0.21999999999999997,0.21999999999999997,0.21999999999999997,0,0,0,0
"development_002","development","reliable","frozen_motor_keys",1,0.16666666666666666,0.83333333333333337,7.666666666666667,1.6666666666666667,9.3333333333333339,0,0.093333333333333324,0.093333333333333324,2.5933333333333333,0.18799999999999994,0.486026764634858,0.48602676463485794,0
"development_002","development","reliable","frozen_motor_attention",1,0,1,4,1.3333333333333333,5.333333333333333,0,0.053333333333333337,0.053333333333333337,3.0533333333333332,0.18799999999999994,0.486026764634858,0.48602676463485794,0
"development_002","development","reliable","reset_memory",1,0,1,3.3333333333333335,1.9200000000000002,5.253333333333333,0,0.052533333333333342,0.052533333333333342,3.0525333333333329,0.18799999999999994,0.486026764634858,0.48602676463485794,0
"development_003","development","ambiguous","active",1.0000000000000007,0.84999999999999998,0.15000000000000005,20.166666666666664,3.5800000000000005,23.746666666666666,1.0000000000000007,0.23746666666666671,0.83746666666666669,1.2874666666666665,0.26414761134025994,0.61728127047639925,0.6172812704763988,0
"development_003","development","ambiguous","no_epistemic",1.0000000000000007,0.84999999999999998,0.15000000000000005,20.166666666666664,3.5800000000000005,23.746666666666666,1.0000000000000007,0.23746666666666671,0.83746666666666669,1.2874666666666665,0.26414761134025994,0.61728127047639925,0.6172812704763988,0
"development_003","development","ambiguous","no_look",1,0.40000000000000008,0.59999999999999998,12.666666666666666,2.3200000000000003,14.98666666666667,0,0.14986666666666668,0.14986666666666668,1.9498666666666666,0.7679999999999999,1.6386744144697165,1.638674414469717,0
"development_003","development","ambiguous","matched_random_look",0.99999999999999922,0.70000000000000018,0.3000000000000001,17.666666666666664,3.1600000000000006,20.826666666666664,0.66666666666666663,0.20826666666666671,0.60826666666666662,1.5082666666666666,0.43209840756017304,0.95774565180750459,0.95774565180750482,0
"development_003","development","ambiguous","compiled_matched",1.0000000000000007,0.84999999999999998,0.15000000000000005,20.166666666666664,3.5800000000000005,23.746666666666666,1.0000000000000007,0.23746666666666671,0.83746666666666669,1.2874666666666665,0.26414761134025994,0.61728127047639925,0.6172812704763988,0
"development_003","development","ambiguous","oracle",1,1,0,22.666666666666668,4,26.666666666666668,0,0.26666666666666666,0.26666666666666666,0.26666666666666666,0,0,0,0
"development_003","development","ambiguous","frozen_motor_keys",1.0000000000000007,0.16666666666666685,0.83333333333333359,7.8333333333333348,1.6666666666666679,9.4999999999999947,1.0000000000000007,0.094999999999999932,0.69500000000000028,3.1949999999999998,0.26414761134025994,0.61728127047639925,0.6172812704763988,0
"development_003","development","ambiguous","frozen_motor_attention",1.0000000000000007,0,1.0000000000000007,4.0000000000000027,1.3333333333333341,5.333333333333333,1.0000000000000007,0.053333333333333344,0.65333333333333365,3.6533333333333338,0.26414761134025994,0.61728127047639925,0.6172812704763988,0
"development_003","development","ambiguous","reset_memory",1.0000000000000007,0,1.0000000000000007,4.666666666666667,1.8800000000000008,6.5466666666666677,1.0000000000000007,0.065466666666666687,0.66546666666666676,3.6654666666666658,0.26414761134025994,0.61728127047639925,0.6172812704763988,0
"development_003","development","intermediate","active",0.99999999999999967,0.84999999999999998,0.14999999999999997,20.166666666666668,3.5799999999999996,23.746666666666673,0.99999999999999967,0.23746666666666669,0.83746666666666669,1.2874666666666665,0.23247095853774544,0.4863622732412532,0.48636227324125336,0
"development_003","development","intermediate","no_epistemic",0.99999999999999989,0.65000000000000002,0.34999999999999992,16.833333333333332,3.0199999999999996,19.853333333333335,0,0.19853333333333334,0.19853333333333334,1.2485333333333333,0.55299999999999994,1.2107499083865674,1.2107499083865669,0
"development_003","development","intermediate","no_look",0.99999999999999989,0.65000000000000002,0.34999999999999992,16.833333333333332,3.0199999999999996,19.853333333333335,0,0.19853333333333334,0.19853333333333334,1.2485333333333333,0.55299999999999994,1.2107499083865674,1.2107499083865669,0
"development_003","development","intermediate","matched_random_look",0.99999999999999944,0.78333333333333321,0.21666666666666676,19.055555555555561,3.3933333333333322,22.448888888888892,0.66666666666666641,0.22448888888888888,0.62448888888888887,1.2744888888888888,0.33931397235849686,0.72782481828969103,0.72782481828969059,0
"development_003","development","intermediate","compiled_matched",0.99999999999999967,0.84999999999999998,0.14999999999999997,20.166666666666668,3.5799999999999996,23.746666666666673,0.99999999999999967,0.23746666666666669,0.83746666666666669,1.2874666666666665,0.23247095853774544,0.4863622732412532,0.48636227324125336,0
"development_003","development","intermediate","oracle",0.99999999999999989,0.99999999999999989,0,22.666666666666668,3.9999999999999996,26.666666666666668,0,0.26666666666666666,0.26666666666666666,0.26666666666666666,0,0,0,0
"development_003","development","intermediate","frozen_motor_keys",0.99999999999999967,0.1666666666666666,0.83333333333333315,7.8333333333333321,1.6666666666666661,9.5000000000000036,0.99999999999999967,0.094999999999999932,0.69499999999999973,3.194999999999999,0.23247095853774544,0.4863622732412532,0.48636227324125336,0
"development_003","development","intermediate","frozen_motor_attention",0.99999999999999967,0,0.99999999999999967,3.9999999999999987,1.333333333333333,5.3333333333333357,0.99999999999999967,0.053333333333333337,0.6533333333333331,3.6533333333333329,0.23247095853774544,0.4863622732412532,0.48636227324125336,0
"development_003","development","intermediate","reset_memory",0.99999999999999967,0,0.99999999999999967,4.6666666666666679,1.8799999999999997,6.5466666666666669,0.99999999999999967,0.065466666666666659,0.66546666666666654,3.6654666666666667,0.23247095853774544,0.4863622732412532,0.48636227324125336,0
"development_003","development","reliable","active",1,0.90000000000000002,0.099999999999999978,21,3.7200000000000002,24.719999999999999,0,0.2472,0.2472,0.54719999999999991,0.18799999999999994,0.486026764634858,0.48602676463485794,0
"development_003","development","reliable","no_epistemic",1,0.90000000000000002,0.099999999999999978,21,3.7200000000000002,24.719999999999999,0,0.2472,0.2472,0.54719999999999991,0.18799999999999994,0.486026764634858,0.48602676463485794,0
"development_003","development","reliable","no_look",1,0.90000000000000002,0.099999999999999978,21,3.7200000000000002,24.719999999999999,0,0.2472,0.2472,0.54719999999999991,0.18799999999999994,0.486026764634858,0.48602676463485794,0
"development_003","development","reliable","matched_random_look",0.99999999999999944,0.90000000000000002,0.099999999999999936,21.000000000000007,3.7200000000000002,24.719999999999995,0.66666666666666619,0.2472,0.64720000000000033,0.94720000000000037,0.14808832614942521,0.31872908816036061,0.31872908816036055,0
"development_003","development","reliable","compiled_matched",1,0.90000000000000002,0.099999999999999978,21,3.7200000000000002,24.719999999999999,0,0.2472,0.2472,0.54719999999999991,0.18799999999999994,0.486026764634858,0.48602676463485794,0
"development_003","development","reliable","oracle",1,1,0,22.666666666666668,4,26.666666666666668,0,0.26666666666666666,0.26666666666666666,0.26666666666666666,0,0,0,0
"development_003","development","reliable","frozen_motor_keys",1,0.16666666666666666,0.83333333333333337,7.8333333333333348,1.6666666666666667,9.5,0,0.094999999999999987,0.094999999999999987,2.5949999999999998,0.18799999999999994,0.486026764634858,0.48602676463485794,0
"development_003","development","reliable","frozen_motor_attention",1,0,1,4,1.3333333333333333,5.333333333333333,0,0.053333333333333337,0.053333333333333337,3.0533333333333332,0.18799999999999994,0.486026764634858,0.48602676463485794,0
"development_003","development","reliable","reset_memory",1,0,1,4.666666666666667,1.9200000000000002,6.5866666666666669,0,0.065866666666666671,0.065866666666666671,3.0658666666666665,0.18799999999999994,0.486026764634858,0.48602676463485794,0
"development_004","development","ambiguous","active",1.0000000000000007,0.84999999999999998,0.15000000000000005,9.1833333333333318,3.5800000000000005,12.763333333333327,1.0000000000000007,0.12763333333333327,0.7276333333333338,1.1776333333333338,0.26414761134025994,0.61728127047639925,0.6172812704763988,0
"development_004","development","ambiguous","no_epistemic",1.0000000000000007,0.84999999999999998,0.15000000000000005,9.1833333333333318,3.5800000000000005,12.763333333333327,1.0000000000000007,0.12763333333333327,0.7276333333333338,1.1776333333333338,0.26414761134025994,0.61728127047639925,0.6172812704763988,0
"development_004","development","ambiguous","no_look",1,0.40000000000000008,0.59999999999999998,5.7333333333333343,2.3200000000000003,8.0533333333333328,0,0.080533333333333346,0.080533333333333346,1.8805333333333332,0.7679999999999999,1.6386744144697165,1.638674414469717,0
"development_004","development","ambiguous","matched_random_look",0.99999999999999922,0.70000000000000018,0.3000000000000001,8.0333333333333368,3.1600000000000006,11.193333333333326,0.66666666666666663,0.11193333333333337,0.51193333333333346,1.4119333333333335,0.43209840756017304,0.95774565180750459,0.95774565180750482,0
"development_004","development","ambiguous","compiled_matched",1.0000000000000007,0.84999999999999998,0.15000000000000005,9.1833333333333318,3.5800000000000005,12.763333333333327,1.0000000000000007,0.12763333333333327,0.7276333333333338,1.1776333333333338,0.26414761134025994,0.61728127047639925,0.6172812704763988,0
"development_004","development","ambiguous","oracle",1,1,0,10.333333333333334,4,14.333333333333334,0,0.14333333333333334,0.14333333333333334,0.14333333333333334,0,0,0,0
"development_004","development","ambiguous","frozen_motor_keys",1.0000000000000007,0.16666666666666685,0.83333333333333359,3.8333333333333353,1.6666666666666679,5.5,1.0000000000000007,0.054999999999999973,0.65500000000000014,3.1549999999999998,0.26414761134025994,0.61728127047639925,0.6172812704763988,0
"development_004","development","ambiguous","frozen_motor_attention",1.0000000000000007,0,1.0000000000000007,2.0000000000000013,1.3333333333333341,3.3333333333333353,1.0000000000000007,0.033333333333333326,0.6333333333333333,3.6333333333333324,0.26414761134025994,0.61728127047639925,0.6172812704763988,0
"development_004","development","ambiguous","reset_memory",1.0000000000000007,0,1.0000000000000007,2.0000000000000013,1.8800000000000008,3.8800000000000012,1.0000000000000007,0.03879999999999998,0.63880000000000015,3.6388000000000011,0.26414761134025994,0.61728127047639925,0.6172812704763988,0
"development_004","development","intermediate","active",0.99999999999999967,0.84999999999999998,0.14999999999999997,9.1833333333333371,3.5799999999999996,12.76333333333333,0.99999999999999967,0.12763333333333327,0.72763333333333291,1.1776333333333329,0.23247095853774544,0.4863622732412532,0.48636227324125336,0
"development_004","development","intermediate","no_epistemic",0.99999999999999989,0.65000000000000002,0.34999999999999992,7.6499999999999995,3.0199999999999996,10.670000000000002,0,0.10670000000000002,0.10670000000000002,1.1566999999999998,0.55299999999999994,1.2107499083865674,1.2107499083865669,0
"development_004","development","intermediate","no_look",0.99999999999999989,0.65000000000000002,0.34999999999999992,7.6499999999999995,3.0199999999999996,10.670000000000002,0,0.10670000000000002,0.10670000000000002,1.1566999999999998,0.55299999999999994,1.2107499083865674,1.2107499083865669,0
"development_004","development","intermediate","matched_random_look",0.99999999999999944,0.78333333333333321,0.21666666666666676,8.6722222222222225,3.3933333333333322,12.065555555555564,0.66666666666666641,0.12065555555555559,0.52065555555555576,1.170655555555556,0.33931397235849686,0.72782481828969103,0.72782481828969059,0
"development_004","development","intermediate","compiled_matched",0.99999999999999967,0.84999999999999998,0.14999999999999997,9.1833333333333371,3.5799999999999996,12.76333333333333,0.99999999999999967,0.12763333333333327,0.72763333333333291,1.1776333333333329,0.23247095853774544,0.4863622732412532,0.48636227324125336,0
"development_004","development","intermediate","oracle",0.99999999999999989,0.99999999999999989,0,10.333333333333334,3.9999999999999996,14.333333333333334,0,0.14333333333333334,0.14333333333333334,0.14333333333333334,0,0,0,0
"development_004","development","intermediate","frozen_motor_keys",0.99999999999999967,0.1666666666666666,0.83333333333333315,3.8333333333333353,1.6666666666666661,5.5000000000000009,0.99999999999999967,0.054999999999999973,0.65499999999999969,3.1550000000000011,0.23247095853774544,0.4863622732412532,0.48636227324125336,0
"development_004","development","intermediate","frozen_motor_attention",0.99999999999999967,0,0.99999999999999967,1.9999999999999993,1.333333333333333,3.3333333333333326,0.99999999999999967,0.033333333333333333,0.63333333333333319,3.6333333333333342,0.23247095853774544,0.4863622732412532,0.48636227324125336,0
"development_004","development","intermediate","reset_memory",0.99999999999999967,0,0.99999999999999967,1.9999999999999993,1.8799999999999997,3.879999999999999,0.99999999999999967,0.038800000000000008,0.6387999999999997,3.6388000000000016,0.23247095853774544,0.4863622732412532,0.48636227324125336,0
"development_004","development","reliable","active",1,0.90000000000000002,0.099999999999999978,9.5666666666666647,3.7200000000000002,13.286666666666667,0,0.13286666666666669,0.13286666666666669,0.43286666666666657,0.18799999999999994,0.486026764634858,0.48602676463485794,0
"development_004","development","reliable","no_epistemic",1,0.90000000000000002,0.099999999999999978,9.5666666666666647,3.7200000000000002,13.286666666666667,0,0.13286666666666669,0.13286666666666669,0.43286666666666657,0.18799999999999994,0.486026764634858,0.48602676463485794,0
"development_004","development","reliable","no_look",1,0.90000000000000002,0.099999999999999978,9.5666666666666647,3.7200000000000002,13.286666666666667,0,0.13286666666666669,0.13286666666666669,0.43286666666666657,0.18799999999999994,0.486026764634858,0.48602676463485794,0
"development_004","development","reliable","matched_random_look",0.99999999999999944,0.90000000000000002,0.099999999999999936,9.5666666666666647,3.7200000000000002,13.286666666666674,0.66666666666666619,0.13286666666666669,0.53286666666666693,0.83286666666666676,0.14808832614942521,0.31872908816036061,0.31872908816036055,0
"development_004","development","reliable","compiled_matched",1,0.90000000000000002,0.099999999999999978,9.5666666666666647,3.7200000000000002,13.286666666666667,0,0.13286666666666669,0.13286666666666669,0.43286666666666657,0.18799999999999994,0.486026764634858,0.48602676463485794,0
"development_004","development","reliable","oracle",1,1,0,10.333333333333334,4,14.333333333333334,0,0.14333333333333334,0.14333333333333334,0.14333333333333334,0,0,0,0
"development_004","development","reliable","frozen_motor_keys",1,0.16666666666666666,0.83333333333333337,3.8333333333333335,1.6666666666666667,5.5,0,0.055,0.055,2.5549999999999997,0.18799999999999994,0.486026764634858,0.48602676463485794,0
"development_004","development","reliable","frozen_motor_attention",1,0,1,2,1.3333333333333333,3.3333333333333335,0,0.033333333333333333,0.033333333333333333,3.0333333333333332,0.18799999999999994,0.486026764634858,0.48602676463485794,0
"development_004","development","reliable","reset_memory",1,0,1,2,1.9200000000000002,3.9199999999999999,0,0.039200000000000013,0.039200000000000013,3.0391999999999997,0.18799999999999994,0.486026764634858,0.48602676463485794,0
"development_005","development","ambiguous","active",1.0000000000000007,0.84999999999999998,0.15000000000000005,18.65666666666667,3.5800000000000005,22.236666666666665,1.0000000000000007,0.2223666666666666,0.8223666666666668,1.2723666666666669,0.26414761134025994,0.61728127047639925,0.6172812704763988,0
"development_005","development","ambiguous","no_epistemic",1.0000000000000007,0.84999999999999998,0.15000000000000005,18.65666666666667,3.5800000000000005,22.236666666666665,1.0000000000000007,0.2223666666666666,0.8223666666666668,1.2723666666666669,0.26414761134025994,0.61728127047639925,0.6172812704763988,0
"development_005","development","ambiguous","no_look",1,0.40000000000000008,0.59999999999999998,12.626666666666667,2.3200000000000003,14.946666666666667,0,0.14946666666666666,0.14946666666666666,1.9494666666666667,0.7679999999999999,1.6386744144697165,1.638674414469717,0
"development_005","development","ambiguous","matched_random_look",0.99999999999999922,0.70000000000000018,0.3000000000000001,16.646666666666668,3.1600000000000006,19.806666666666661,0.66666666666666663,0.1980666666666667,0.59806666666666675,1.4980666666666662,0.43209840756017304,0.95774565180750459,0.95774565180750482,0
"development_005","development","ambiguous","compiled_matched",1.0000000000000007,0.84999999999999998,0.15000000000000005,18.65666666666667,3.5800000000000005,22.236666666666665,1.0000000000000007,0.2223666666666666,0.8223666666666668,1.2723666666666669,0.26414761134025994,0.61728127047639925,0.6172812704763988,0
"development_005","development","ambiguous","oracle",1,1,0,20.666666666666668,4,24.666666666666668,0,0.24666666666666667,0.24666666666666667,0.24666666666666667,0,0,0,0
"development_005","development","ambiguous","frozen_motor_keys",1.0000000000000007,0.16666666666666685,0.83333333333333359,9.1666666666666643,1.6666666666666679,10.833333333333334,1.0000000000000007,0.10833333333333335,0.70833333333333315,3.2083333333333353,0.26414761134025994,0.61728127047639925,0.6172812704763988,0
"development_005","development","ambiguous","frozen_motor_attention",1.0000000000000007,0,1.0000000000000007,6.0000000000000027,1.3333333333333341,7.3333333333333357,1.0000000000000007,0.07333333333333332,0.67333333333333323,3.6733333333333338,0.26414761134025994,0.61728127047639925,0.6172812704763988,0
"development_005","development","ambiguous","reset_memory",1.0000000000000007,0,1.0000000000000007,6.3333333333333348,1.8800000000000008,8.2133333333333329,1.0000000000000007,0.08213333333333335,0.68213333333333337,3.682133333333335,0.26414761134025994,0.61728127047639925,0.6172812704763988,0
"development_005","development","intermediate","active",0.99999999999999967,0.84999999999999998,0.14999999999999997,18.65666666666667,3.5799999999999996,22.236666666666661,0.99999999999999967,0.2223666666666666,0.82236666666666691,1.2723666666666666,0.23247095853774544,0.4863622732412532,0.48636227324125336,0
"development_005","development","intermediate","no_epistemic",0.99999999999999989,0.65000000000000002,0.34999999999999992,15.976666666666667,3.0199999999999996,18.996666666666666,0,0.1899666666666667,0.1899666666666667,1.2399666666666664,0.55299999999999994,1.2107499083865674,1.2107499083865669,0
"development_005","development","intermediate","no_look",0.99999999999999989,0.65000000000000002,0.34999999999999992,15.976666666666667,3.0199999999999996,18.996666666666666,0,0.1899666666666667,0.1899666666666667,1.2399666666666664,0.55299999999999994,1.2107499083865674,1.2107499083865669,0
"development_005","development","intermediate","matched_random_look",0.99999999999999944,0.78333333333333321,0.21666666666666676,17.763333333333332,3.3933333333333322,21.15666666666667,0.66666666666666641,0.2115666666666666,0.61156666666666692,1.2615666666666667,0.33931397235849686,0.72782481828969103,0.72782481828969059,0
"development_005","development","intermediate","compiled_matched",0.99999999999999967,0.84999999999999998,0.14999999999999997,18.65666666666667,3.5799999999999996,22.236666666666661,0.99999999999999967,0.2223666666666666,0.82236666666666691,1.2723666666666666,0.23247095853774544,0.4863622732412532,0.48636227324125336,0
"development_005","development","intermediate","oracle",0.99999999999999989,0.99999999999999989,0,20.666666666666664,3.9999999999999996,24.666666666666668,0,0.2466666666666667,0.2466666666666667,0.2466666666666667,0,0,0,0
"development_005","development","intermediate","frozen_motor_keys",0.99999999999999967,0.1666666666666666,0.83333333333333315,9.1666666666666696,1.6666666666666661,10.833333333333336,0.99999999999999967,0.10833333333333328,0.70833333333333348,3.2083333333333335,0.23247095853774544,0.4863622732412532,0.48636227324125336,0
"development_005","development","intermediate","frozen_motor_attention",0.99999999999999967,0,0.99999999999999967,6,1.333333333333333,7.333333333333333,0.99999999999999967,0.07333333333333332,0.67333333333333334,3.6733333333333338,0.23247095853774544,0.4863622732412532,0.48636227324125336,0
"development_005","development","intermediate","reset_memory",0.99999999999999967,0,0.99999999999999967,6.3333333333333348,1.8799999999999997,8.2133333333333365,0.99999999999999967,0.082133333333333322,0.68213333333333337,3.6821333333333333,0.23247095853774544,0.4863622732412532,0.48636227324125336,0
"development_005","development","reliable","active",1,0.90000000000000002,0.099999999999999978,19.326666666666668,3.7200000000000002,23.046666666666667,0,0.23046666666666668,0.23046666666666668,0.53046666666666664,0.18799999999999994,0.486026764634858,0.48602676463485794,0
"development_005","development","reliable","no_epistemic",1,0.90000000000000002,0.099999999999999978,19.326666666666668,3.7200000000000002,23.046666666666667,0,0.23046666666666668,0.23046666666666668,0.53046666666666664,0.18799999999999994,0.486026764634858,0.48602676463485794,0
"development_005","development","reliable","no_look",1,0.90000000000000002,0.099999999999999978,19.326666666666668,3.7200000000000002,23.046666666666667,0,0.23046666666666668,0.23046666666666668,0.53046666666666664,0.18799999999999994,0.486026764634858,0.48602676463485794,0
"development_005","development","reliable","matched_random_look",0.99999999999999944,0.90000000000000002,0.099999999999999936,19.326666666666664,3.7200000000000002,23.046666666666656,0.66666666666666619,0.23046666666666668,0.63046666666666729,0.93046666666666711,0.14808832614942521,0.31872908816036061,0.31872908816036055,0
"development_005","development","reliable","compiled_matched",1,0.90000000000000002,0.099999999999999978,19.326666666666668,3.7200000000000002,23.046666666666667,0,0.23046666666666668,0.23046666666666668,0.53046666666666664,0.18799999999999994,0.486026764634858,0.48602676463485794,0
"development_005","development","reliable","oracle",1,1,0,20.666666666666664,4,24.666666666666668,0,0.24666666666666667,0.24666666666666667,0.24666666666666667,0,0,0,0
"development_005","development","reliable","frozen_motor_keys",1,0.16666666666666666,0.83333333333333337,9.1666666666666661,1.6666666666666667,10.833333333333334,0,0.10833333333333334,0.10833333333333334,2.6083333333333329,0.18799999999999994,0.486026764634858,0.48602676463485794,0
"development_005","development","reliable","frozen_motor_attention",1,0,1,6,1.3333333333333333,7.333333333333333,0,0.073333333333333348,0.073333333333333348,3.0733333333333328,0.18799999999999994,0.486026764634858,0.48602676463485794,0
"development_005","development","reliable","reset_memory",1,0,1,6.333333333333333,1.9200000000000002,8.2533333333333321,0,0.082533333333333347,0.082533333333333347,3.0825333333333327,0.18799999999999994,0.486026764634858,0.48602676463485794,0
"development_006","development","ambiguous","active",1.0000000000000007,0.84999999999999998,0.15000000000000005,13.490000000000004,3.5800000000000005,17.07,1.0000000000000007,0.17069999999999999,0.77070000000000016,1.2207000000000001,0.26414761134025994,0.61728127047639925,0.6172812704763988,0
"development_006","development","ambiguous","no_epistemic",1.0000000000000007,0.84999999999999998,0.15000000000000005,13.490000000000004,3.5800000000000005,17.07,1.0000000000000007,0.17069999999999999,0.77070000000000016,1.2207000000000001,0.26414761134025994,0.61728127047639925,0.6172812704763988,0
"development_006","development","ambiguous","no_look",1,0.40000000000000008,0.59999999999999998,8.9599999999999991,2.3200000000000003,11.280000000000001,0,0.11280000000000001,0.11280000000000001,1.9127999999999998,0.7679999999999999,1.6386744144697165,1.638674414469717,0
"development_006","development","ambiguous","matched_random_look",0.99999999999999922,0.70000000000000018,0.3000000000000001,11.980000000000002,3.1600000000000006,15.140000000000001,0.66666666666666663,0.15140000000000001,0.5514,1.4513999999999989,0.43209840756017304,0.95774565180750459,0.95774565180750482,0
"development_006","development","ambiguous","compiled_matched",1.0000000000000007,0.84999999999999998,0.15000000000000005,13.490000000000004,3.5800000000000005,17.07,1.0000000000000007,0.17069999999999999,0.77070000000000016,1.2207000000000001,0.26414761134025994,0.61728127047639925,0.6172812704763988,0
"development_006","development","ambiguous","oracle",1,1,0,15,4,19,0,0.19000000000000003,0.19000000000000003,0.19000000000000003,0,0,0,0
"development_006","development","ambiguous","frozen_motor_keys",1.0000000000000007,0.16666666666666685,0.83333333333333359,6.833333333333333,1.6666666666666679,8.5000000000000053,1.0000000000000007,0.084999999999999978,0.68500000000000005,3.1850000000000005,0.26414761134025994,0.61728127047639925,0.6172812704763988,0
"development_006","development","ambiguous","frozen_motor_attention",1.0000000000000007,0,1.0000000000000007,4.9999999999999973,1.3333333333333341,6.3333333333333348,1.0000000000000007,0.063333333333333366,0.66333333333333344,3.6633333333333358,0.26414761134025994,0.61728127047639925,0.6172812704763988,0
"development_006","development","ambiguous","reset_memory",1.0000000000000007,0,1.0000000000000007,4.6666666666666652,1.8800000000000008,6.5466666666666677,1.0000000000000007,0.065466666666666687,0.66546666666666676,3.6654666666666675,0.26414761134025994,0.61728127047639925,0.6172812704763988,0
"development_006","development","intermediate","active",0.99999999999999967,0.84999999999999998,0.14999999999999997,13.490000000000002,3.5799999999999996,17.070000000000004,0.99999999999999967,0.17069999999999994,0.77069999999999983,1.2207000000000006,0.23247095853774544,0.4863622732412532,0.48636227324125336,0
"development_006","development","intermediate","no_epistemic",0.99999999999999989,0.65000000000000002,0.34999999999999992,11.476666666666667,3.0199999999999996,14.496666666666668,0,0.14496666666666669,0.14496666666666669,1.1949666666666665,0.55299999999999994,1.2107499083865674,1.2107499083865669,0
"development_006","development","intermediate","no_look",0.99999999999999989,0.65000000000000002,0.34999999999999992,11.476666666666667,3.0199999999999996,14.496666666666668,0,0.14496666666666669,0.14496666666666669,1.1949666666666665,0.55299999999999994,1.2107499083865674,1.2107499083865669,0
"development_006","development","intermediate","matched_random_look",0.99999999999999944,0.78333333333333321,0.21666666666666676,12.818888888888885,3.3933333333333322,16.212222222222227,0.66666666666666641,0.1621222222222222,0.56212222222222241,1.2121222222222217,0.33931397235849686,0.72782481828969103,0.72782481828969059,0
"development_006","development","intermediate","compiled_matched",0.99999999999999967,0.84999999999999998,0.14999999999999997,13.490000000000002,3.5799999999999996,17.070000000000004,0.99999999999999967,0.17069999999999994,0.77069999999999983,1.2207000000000006,0.23247095853774544,0.4863622732412532,0.48636227324125336,0
"development_006","development","intermediate","oracle",0.99999999999999989,0.99999999999999989,0,15,3.9999999999999996,18.999999999999996,0,0.19000000000000003,0.19000000000000003,0.19000000000000003,0,0,0,0
"development_006","development","intermediate","frozen_motor_keys",0.99999999999999967,0.1666666666666666,0.83333333333333315,6.833333333333333,1.6666666666666661,8.4999999999999964,0.99999999999999967,0.085000000000000062,0.68499999999999972,3.1850000000000005,0.23247095853774544,0.4863622732412532,0.48636227324125336,0
"development_006","development","intermediate","frozen_motor_attention",0.99999999999999967,0,0.99999999999999967,5.0000000000000044,1.333333333333333,6.3333333333333357,0.99999999999999967,0.063333333333333325,0.66333333333333366,3.6633333333333327,0.23247095853774544,0.4863622732412532,0.48636227324125336,0
"development_006","development","intermediate","reset_memory",0.99999999999999967,0,0.99999999999999967,4.6666666666666679,1.8799999999999997,6.5466666666666677,0.99999999999999967,0.065466666666666659,0.66546666666666654,3.6654666666666658,0.23247095853774544,0.4863622732412532,0.48636227324125336,0
"development_006","development","reliable","active",1,0.90000000000000002,0.099999999999999978,13.993333333333332,3.7200000000000002,17.713333333333338,0,0.17713333333333336,0.17713333333333336,0.47713333333333324,0.18799999999999994,0.486026764634858,0.48602676463485794,0
"development_006","development","reliable","no_epistemic",1,0.90000000000000002,0.099999999999999978,13.993333333333332,3.7200000000000002,17.713333333333338,0,0.17713333333333336,0.17713333333333336,0.47713333333333324,0.18799999999999994,0.486026764634858,0.48602676463485794,0
"development_006","development","reliable","no_look",1,0.90000000000000002,0.099999999999999978,13.993333333333332,3.7200000000000002,17.713333333333338,0,0.17713333333333336,0.17713333333333336,0.47713333333333324,0.18799999999999994,0.486026764634858,0.48602676463485794,0
"development_006","development","reliable","matched_random_look",0.99999999999999944,0.90000000000000002,0.099999999999999936,13.993333333333338,3.7200000000000002,17.713333333333342,0.66666666666666619,0.17713333333333328,0.57713333333333394,0.87713333333333354,0.14808832614942521,0.31872908816036061,0.31872908816036055,0
"development_006","development","reliable","compiled_matched",1,0.90000000000000002,0.099999999999999978,13.993333333333332,3.7200000000000002,17.713333333333338,0,0.17713333333333336,0.17713333333333336,0.47713333333333324,0.18799999999999994,0.486026764634858,0.48602676463485794,0
"development_006","development","reliable","oracle",1,1,0,15.000000000000002,4,19,0,0.19000000000000003,0.19000000000000003,0.19000000000000003,0,0,0,0
"development_006","development","reliable","frozen_motor_keys",1,0.16666666666666666,0.83333333333333337,6.833333333333333,1.6666666666666667,8.5,0,0.085000000000000006,0.085000000000000006,2.585,0.18799999999999994,0.486026764634858,0.48602676463485794,0
"development_006","development","reliable","frozen_motor_attention",1,0,1,4.9999999999999991,1.3333333333333333,6.333333333333333,0,0.063333333333333339,0.063333333333333339,3.063333333333333,0.18799999999999994,0.486026764634858,0.48602676463485794,0
"development_006","development","reliable","reset_memory",1,0,1,4.6666666666666661,1.9200000000000002,6.586666666666666,0,0.065866666666666684,0.065866666666666684,3.0658666666666665,0.18799999999999994,0.486026764634858,0.48602676463485794,0
"evaluation_001","evaluation","ambiguous","active",1.0000000000000007,0.84999999999999998,0.15000000000000005,17.213333333333335,3.5800000000000005,20.793333333333326,1.0000000000000007,0.20793333333333339,0.80793333333333328,1.2579333333333336,0.26414761134025994,0.61728127047639925,0.6172812704763988,0
"evaluation_001","evaluation","ambiguous","no_epistemic",1.0000000000000007,0.84999999999999998,0.15000000000000005,17.213333333333335,3.5800000000000005,20.793333333333326,1.0000000000000007,0.20793333333333339,0.80793333333333328,1.2579333333333336,0.26414761134025994,0.61728127047639925,0.6172812704763988,0
"evaluation_001","evaluation","ambiguous","no_look",1,0.40000000000000008,0.59999999999999998,10.853333333333333,2.3200000000000003,13.173333333333334,0,0.13173333333333334,0.13173333333333334,1.9317333333333335,0.7679999999999999,1.6386744144697165,1.638674414469717,0
"evaluation_001","evaluation","ambiguous","matched_random_look",0.99999999999999922,0.70000000000000018,0.3000000000000001,15.093333333333332,3.1600000000000006,18.25333333333333,0.66666666666666663,0.18253333333333341,0.58253333333333346,1.4825333333333335,0.43209840756017304,0.95774565180750459,0.95774565180750482,0
"evaluation_001","evaluation","ambiguous","compiled_matched",1.0000000000000007,0.84999999999999998,0.15000000000000005,17.213333333333335,3.5800000000000005,20.793333333333326,1.0000000000000007,0.20793333333333339,0.80793333333333328,1.2579333333333336,0.26414761134025994,0.61728127047639925,0.6172812704763988,0
"evaluation_001","evaluation","ambiguous","oracle",1,1,0,19.333333333333332,4,23.333333333333332,0,0.23333333333333331,0.23333333333333331,0.23333333333333331,0,0,0,0
"evaluation_001","evaluation","ambiguous","frozen_motor_keys",1.0000000000000007,0.16666666666666685,0.83333333333333359,7.1666666666666643,1.6666666666666679,8.8333333333333357,1.0000000000000007,0.088333333333333375,0.6883333333333338,3.1883333333333339,0.26414761134025994,0.61728127047639925,0.6172812704763988,0
"evaluation_001","evaluation","ambiguous","frozen_motor_attention",1.0000000000000007,0,1.0000000000000007,4.0000000000000027,1.3333333333333341,5.333333333333333,1.0000000000000007,0.053333333333333344,0.65333333333333365,3.6533333333333338,0.26414761134025994,0.61728127047639925,0.6172812704763988,0
"evaluation_001","evaluation","ambiguous","reset_memory",1.0000000000000007,0,1.0000000000000007,4,1.8800000000000008,5.8800000000000017,1.0000000000000007,0.058800000000000012,0.65879999999999994,3.6587999999999998,0.26414761134025994,0.61728127047639925,0.6172812704763988,0
"evaluation_001","evaluation","intermediate","active",0.99999999999999967,0.84999999999999998,0.14999999999999997,17.213333333333335,3.5799999999999996,20.79333333333334,0.99999999999999967,0.20793333333333328,0.80793333333333328,1.2579333333333336,0.23247095853774544,0.4863622732412532,0.48636227324125336,0
"evaluation_001","evaluation","intermediate","no_epistemic",0.99999999999999989,0.65000000000000002,0.34999999999999992,14.386666666666665,3.0199999999999996,17.40666666666667,0,0.17406666666666668,0.17406666666666668,1.2240666666666666,0.55299999999999994,1.2107499083865674,1.2107499083865669,0
"evaluation_001","evaluation","intermediate","no_look",0.99999999999999989,0.65000000000000002,0.34999999999999992,14.386666666666665,3.0199999999999996,17.40666666666667,0,0.17406666666666668,0.17406666666666668,1.2240666666666666,0.55299999999999994,1.2107499083865674,1.2107499083865669,0
"evaluation_001","evaluation","intermediate","matched_random_look",0.99999999999999944,0.78333333333333321,0.21666666666666676,16.271111111111114,3.3933333333333322,19.664444444444459,0.66666666666666641,0.19664444444444443,0.59664444444444464,1.2466444444444442,0.33931397235849686,0.72782481828969103,0.72782481828969059,0
"evaluation_001","evaluation","intermediate","compiled_matched",0.99999999999999967,0.84999999999999998,0.14999999999999997,17.213333333333335,3.5799999999999996,20.79333333333334,0.99999999999999967,0.20793333333333328,0.80793333333333328,1.2579333333333336,0.23247095853774544,0.4863622732412532,0.48636227324125336,0
"evaluation_001","evaluation","intermediate","oracle",0.99999999999999989,0.99999999999999989,0,19.333333333333332,3.9999999999999996,23.333333333333332,0,0.23333333333333336,0.23333333333333336,0.23333333333333336,0,0,0,0
"evaluation_001","evaluation","intermediate","frozen_motor_keys",0.99999999999999967,0.1666666666666666,0.83333333333333315,7.1666666666666723,1.6666666666666661,8.8333333333333375,0.99999999999999967,0.088333333333333319,0.68833333333333313,3.1883333333333326,0.23247095853774544,0.4863622732412532,0.48636227324125336,0
"evaluation_001","evaluation","intermediate","frozen_motor_attention",0.99999999999999967,0,0.99999999999999967,3.9999999999999987,1.333333333333333,5.3333333333333357,0.99999999999999967,0.053333333333333337,0.6533333333333331,3.6533333333333329,0.23247095853774544,0.4863622732412532,0.48636227324125336,0
"evaluation_001","evaluation","intermediate","reset_memory",0.99999999999999967,0,0.99999999999999967,4.0000000000000009,1.8799999999999997,5.8800000000000017,0.99999999999999967,0.058799999999999998,0.65880000000000005,3.6587999999999994,0.23247095853774544,0.4863622732412532,0.48636227324125336,0
"evaluation_001","evaluation","reliable","active",1,0.90000000000000002,0.099999999999999978,17.919999999999998,3.7200000000000002,21.640000000000001,0,0.21640000000000001,0.21640000000000001,0.51639999999999997,0.18799999999999994,0.486026764634858,0.48602676463485794,0
"evaluation_001","evaluation","reliable","no_epistemic",1,0.90000000000000002,0.099999999999999978,17.919999999999998,3.7200000000000002,21.640000000000001,0,0.21640000000000001,0.21640000000000001,0.51639999999999997,0.18799999999999994,0.486026764634858,0.48602676463485794,0
"evaluation_001","evaluation","reliable","no_look",1,0.90000000000000002,0.099999999999999978,17.919999999999998,3.7200000000000002,21.640000000000001,0,0.21640000000000001,0.21640000000000001,0.51639999999999997,0.18799999999999994,0.486026764634858,0.48602676463485794,0
"evaluation_001","evaluation","reliable","matched_random_look",0.99999999999999944,0.90000000000000002,0.099999999999999936,17.920000000000002,3.7200000000000002,21.639999999999997,0.66666666666666619,0.2163999999999999,0.61640000000000039,0.91640000000000033,0.14808832614942521,0.31872908816036061,0.31872908816036055,0
"evaluation_001","evaluation","reliable","compiled_matched",1,0.90000000000000002,0.099999999999999978,17.919999999999998,3.7200000000000002,21.640000000000001,0,0.21640000000000001,0.21640000000000001,0.51639999999999997,0.18799999999999994,0.486026764634858,0.48602676463485794,0
"evaluation_001","evaluation","reliable","oracle",1,1,0,19.333333333333332,4,23.333333333333332,0,0.23333333333333336,0.23333333333333336,0.23333333333333336,0,0,0,0
"evaluation_001","evaluation","reliable","frozen_motor_keys",1,0.16666666666666666,0.83333333333333337,7.1666666666666652,1.6666666666666667,8.8333333333333339,0,0.088333333333333333,0.088333333333333333,2.5883333333333334,0.18799999999999994,0.486026764634858,0.48602676463485794,0
"evaluation_001","evaluation","reliable","frozen_motor_attention",1,0,1,4,1.3333333333333333,5.333333333333333,0,0.053333333333333337,0.053333333333333337,3.0533333333333332,0.18799999999999994,0.486026764634858,0.48602676463485794,0
"evaluation_001","evaluation","reliable","reset_memory",1,0,1,4,1.9200000000000002,5.9200000000000008,0,0.059200000000000003,0.059200000000000003,3.0592000000000001,0.18799999999999994,0.486026764634858,0.48602676463485794,0
"evaluation_002","evaluation","ambiguous","active",1.0000000000000007,0.84999999999999998,0.15000000000000005,18.879999999999999,3.5800000000000005,22.460000000000004,1.0000000000000007,0.22459999999999999,0.82460000000000011,1.2746,0.26414761134025994,0.61728127047639925,0.6172812704763988,0
"evaluation_002","evaluation","ambiguous","no_epistemic",1.0000000000000007,0.84999999999999998,0.15000000000000005,18.879999999999999,3.5800000000000005,22.460000000000004,1.0000000000000007,0.22459999999999999,0.82460000000000011,1.2746,0.26414761134025994,0.61728127047639925,0.6172812704763988,0
"evaluation_002","evaluation","ambiguous","no_look",1,0.40000000000000008,0.59999999999999998,12.519999999999998,2.3200000000000003,14.840000000000002,0,0.1484,0.1484,1.9484000000000001,0.7679999999999999,1.6386744144697165,1.638674414469717,0
"evaluation_002","evaluation","ambiguous","matched_random_look",0.99999999999999922,0.70000000000000018,0.3000000000000001,16.759999999999998,3.1600000000000006,19.919999999999998,0.66666666666666663,0.19919999999999996,0.59920000000000018,1.4991999999999999,0.43209840756017304,0.95774565180750459,0.95774565180750482,0
"evaluation_002","evaluation","ambiguous","compiled_matched",1.0000000000000007,0.84999999999999998,0.15000000000000005,18.879999999999999,3.5800000000000005,22.460000000000004,1.0000000000000007,0.22459999999999999,0.82460000000000011,1.2746,0.26414761134025994,0.61728127047639925,0.6172812704763988,0
"evaluation_002","evaluation","ambiguous","oracle",1,1,0,21,4,25,0,0.25,0.25,0.25,0,0,0,0
"evaluation_002","evaluation","ambiguous","frozen_motor_keys",1.0000000000000007,0.16666666666666685,0.83333333333333359,9.6666666666666661,1.6666666666666679,11.333333333333334,1.0000000000000007,0.11333333333333333,0.71333333333333326,3.2133333333333347,0.26414761134025994,0.61728127047639925,0.6172812704763988,0
"evaluation_002","evaluation","ambiguous","frozen_motor_attention",1.0000000000000007,0,1.0000000000000007,6.0000000000000027,1.3333333333333341,7.3333333333333357,1.0000000000000007,0.07333333333333332,0.67333333333333323,3.6733333333333338,0.26414761134025994,0.61728127047639925,0.6172812704763988,0
"evaluation_002","evaluation","ambiguous","reset_memory",1.0000000000000007,0,1.0000000000000007,5.6666666666666652,1.8800000000000008,7.5466666666666669,1.0000000000000007,0.075466666666666668,0.67546666666666677,3.6754666666666664,0.26414761134025994,0.61728127047639925,0.6172812704763988,0
"evaluation_002","evaluation","intermediate","active",0.99999999999999967,0.84999999999999998,0.14999999999999997,18.880000000000003,3.5799999999999996,22.460000000000004,0.99999999999999967,0.22460000000000002,0.82460000000000011,1.2746000000000006,0.23247095853774544,0.4863622732412532,0.48636227324125336,0
"evaluation_002","evaluation","intermediate","no_epistemic",0.99999999999999989,0.65000000000000002,0.34999999999999992,16.053333333333331,3.0199999999999996,19.073333333333334,0,0.19073333333333334,0.19073333333333334,1.2407333333333332,0.55299999999999994,1.2107499083865674,1.2107499083865669,0
"evaluation_002","evaluation","intermediate","no_look",0.99999999999999989,0.65000000000000002,0.34999999999999992,16.053333333333331,3.0199999999999996,19.073333333333334,0,0.19073333333333334,0.19073333333333334,1.2407333333333332,0.55299999999999994,1.2107499083865674,1.2107499083865669,0
"evaluation_002","evaluation","intermediate","matched_random_look",0.99999999999999944,0.78333333333333321,0.21666666666666676,17.937777777777779,3.3933333333333322,21.331111111111113,0.66666666666666641,0.21331111111111101,0.61331111111111147,1.2633111111111111,0.33931397235849686,0.72782481828969103,0.72782481828969059,0
"evaluation_002","evaluation","intermediate","compiled_matched",0.99999999999999967,0.84999999999999998,0.14999999999999997,18.880000000000003,3.5799999999999996,22.460000000000004,0.99999999999999967,0.22460000000000002,0.82460000000000011,1.2746000000000006,0.23247095853774544,0.4863622732412532,0.48636227324125336,0
"evaluation_002","evaluation","intermediate","oracle",0.99999999999999989,0.99999999999999989,0,21,3.9999999999999996,25,0,0.25,0.25,0.25,0,0,0,0
"evaluation_002","evaluation","intermediate","frozen_motor_keys",0.99999999999999967,0.1666666666666666,0.83333333333333315,9.6666666666666696,1.6666666666666661,11.333333333333334,0.99999999999999967,0.1133333333333333,0.71333333333333371,3.2133333333333334,0.23247095853774544,0.4863622732412532,0.48636227324125336,0
"evaluation_002","evaluation","intermediate","frozen_motor_attention",0.99999999999999967,0,0.99999999999999967,6,1.333333333333333,7.333333333333333,0.99999999999999967,0.07333333333333332,0.67333333333333334,3.6733333333333338,0.23247095853774544,0.4863622732412532,0.48636227324125336,0
"evaluation_002","evaluation","intermediate","reset_memory",0.99999999999999967,0,0.99999999999999967,5.6666666666666679,1.8799999999999997,7.5466666666666669,0.99999999999999967,0.075466666666666668,0.67546666666666677,3.6754666666666669,0.23247095853774544,0.4863622732412532,0.48636227324125336,0
"evaluation_002","evaluation","reliable","active",1,0.90000000000000002,0.099999999999999978,19.586666666666662,3.7200000000000002,23.306666666666668,0,0.23306666666666667,0.23306666666666667,0.53306666666666669,0.18799999999999994,0.486026764634858,0.48602676463485794,0
"evaluation_002","evaluation","reliable","no_epistemic",1,0.90000000000000002,0.099999999999999978,19.586666666666662,3.7200000000000002,23.306666666666668,0,0.23306666666666667,0.23306666666666667,0.53306666666666669,0.18799999999999994,0.486026764634858,0.48602676463485794,0
"evaluation_002","evaluation","reliable","no_look",1,0.90000000000000002,0.099999999999999978,19.586666666666662,3.7200000000000002,23.306666666666668,0,0.23306666666666667,0.23306666666666667,0.53306666666666669,0.18799999999999994,0.486026764634858,0.48602676463485794,0
"evaluation_002","evaluation","reliable","matched_random_look",0.99999999999999944,0.90000000000000002,0.099999999999999936,19.58666666666667,3.7200000000000002,23.306666666666672,0.66666666666666619,0.23306666666666662,0.63306666666666633,0.93306666666666704,0.14808832614942521,0.31872908816036061,0.31872908816036055,0
"evaluation_002","evaluation","reliable","compiled_matched",1,0.90000000000000002,0.099999999999999978,19.586666666666662,3.7200000000000002,23.306666666666668,0,0.23306666666666667,0.23306666666666667,0.53306666666666669,0.18799999999999994,0.486026764634858,0.48602676463485794,0
"evaluation_002","evaluation","reliable","oracle",1,1,0,21,4,25,0,0.25,0.25,0.25,0,0,0,0
"evaluation_002","evaluation","reliable","frozen_motor_keys",1,0.16666666666666666,0.83333333333333337,9.6666666666666679,1.6666666666666667,11.333333333333334,0,0.11333333333333334,0.11333333333333334,2.6133333333333328,0.18799999999999994,0.486026764634858,0.48602676463485794,0
"evaluation_002","evaluation","reliable","frozen_motor_attention",1,0,1,6,1.3333333333333333,7.333333333333333,0,0.073333333333333348,0.073333333333333348,3.0733333333333328,0.18799999999999994,0.486026764634858,0.48602676463485794,0
"evaluation_002","evaluation","reliable","reset_memory",1,0,1,5.666666666666667,1.9200000000000002,7.586666666666666,0,0.075866666666666666,0.075866666666666666,3.0758666666666663,0.18799999999999994,0.486026764634858,0.48602676463485794,0
"evaluation_003","evaluation","ambiguous","active",1.0000000000000007,0.84999999999999998,0.15000000000000005,19.626666666666662,3.5800000000000005,23.206666666666674,1.0000000000000007,0.23206666666666667,0.8320666666666664,1.2820666666666667,0.26414761134025994,0.61728127047639925,0.6172812704763988,0
"evaluation_003","evaluation","ambiguous","no_epistemic",1.0000000000000007,0.84999999999999998,0.15000000000000005,19.626666666666662,3.5800000000000005,23.206666666666674,1.0000000000000007,0.23206666666666667,0.8320666666666664,1.2820666666666667,0.26414761134025994,0.61728127047639925,0.6172812704763988,0
"evaluation_003","evaluation","ambiguous","no_look",1,0.40000000000000008,0.59999999999999998,13.506666666666668,2.3200000000000003,15.826666666666666,0,0.15826666666666669,0.15826666666666669,1.9582666666666666,0.7679999999999999,1.6386744144697165,1.638674414469717,0
"evaluation_003","evaluation","ambiguous","matched_random_look",0.99999999999999922,0.70000000000000018,0.3000000000000001,17.586666666666662,3.1600000000000006,20.746666666666663,0.66666666666666663,0.20746666666666666,0.60746666666666693,1.5074666666666665,0.43209840756017304,0.95774565180750459,0.95774565180750482,0
"evaluation_003","evaluation","ambiguous","compiled_matched",1.0000000000000007,0.84999999999999998,0.15000000000000005,19.626666666666662,3.5800000000000005,23.206666666666674,1.0000000000000007,0.23206666666666667,0.8320666666666664,1.2820666666666667,0.26414761134025994,0.61728127047639925,0.6172812704763988,0
"evaluation_003","evaluation","ambiguous","oracle",1,1,0,21.666666666666668,4,25.666666666666668,0,0.25666666666666665,0.25666666666666665,0.25666666666666665,0,0,0,0
"evaluation_003","evaluation","ambiguous","frozen_motor_keys",1.0000000000000007,0.16666666666666685,0.83333333333333359,10.16666666666667,1.6666666666666679,11.833333333333327,1.0000000000000007,0.1183333333333333,0.71833333333333316,3.2183333333333337,0.26414761134025994,0.61728127047639925,0.6172812704763988,0
"evaluation_003","evaluation","ambiguous","frozen_motor_attention",1.0000000000000007,0,1.0000000000000007,6.0000000000000027,1.3333333333333341,7.3333333333333357,1.0000000000000007,0.07333333333333332,0.67333333333333323,3.6733333333333338,0.26414761134025994,0.61728127047639925,0.6172812704763988,0
"evaluation_003","evaluation","ambiguous","reset_memory",1.0000000000000007,0,1.0000000000000007,7.0000000000000009,1.8800000000000008,8.8799999999999972,1.0000000000000007,0.08879999999999999,0.68879999999999975,3.6888000000000023,0.26414761134025994,0.61728127047639925,0.6172812704763988,0
"evaluation_003","evaluation","intermediate","active",0.99999999999999967,0.84999999999999998,0.14999999999999997,19.626666666666662,3.5799999999999996,23.206666666666678,0.99999999999999967,0.23206666666666664,0.83206666666666695,1.2820666666666669,0.23247095853774544,0.4863622732412532,0.48636227324125336,0
"evaluation_003","evaluation","intermediate","no_epistemic",0.99999999999999989,0.65000000000000002,0.34999999999999992,16.906666666666666,3.0199999999999996,19.926666666666666,0,0.19926666666666668,0.19926666666666668,1.2492666666666665,0.55299999999999994,1.2107499083865674,1.2107499083865669,0
"evaluation_003","evaluation","intermediate","no_look",0.99999999999999989,0.65000000000000002,0.34999999999999992,16.906666666666666,3.0199999999999996,19.926666666666666,0,0.19926666666666668,0.19926666666666668,1.2492666666666665,0.55299999999999994,1.2107499083865674,1.2107499083865669,0
"evaluation_003","evaluation","intermediate","matched_random_look",0.99999999999999944,0.78333333333333321,0.21666666666666676,18.720000000000006,3.3933333333333322,22.113333333333326,0.66666666666666641,0.22113333333333327,0.6211333333333332,1.2711333333333334,0.33931397235849686,0.72782481828969103,0.72782481828969059,0
"evaluation_003","evaluation","intermediate","compiled_matched",0.99999999999999967,0.84999999999999998,0.14999999999999997,19.626666666666662,3.5799999999999996,23.206666666666678,0.99999999999999967,0.23206666666666664,0.83206666666666695,1.2820666666666669,0.23247095853774544,0.4863622732412532,0.48636227324125336,0
"evaluation_003","evaluation","intermediate","oracle",0.99999999999999989,0.99999999999999989,0,21.666666666666668,3.9999999999999996,25.666666666666668,0,0.25666666666666665,0.25666666666666665,0.25666666666666665,0,0,0,0
"evaluation_003","evaluation","intermediate","frozen_motor_keys",0.99999999999999967,0.1666666666666666,0.83333333333333315,10.166666666666661,1.6666666666666661,11.833333333333337,0.99999999999999967,0.11833333333333333,0.71833333333333371,3.2183333333333333,0.23247095853774544,0.4863622732412532,0.48636227324125336,0
"evaluation_003","evaluation","intermediate","frozen_motor_attention",0.99999999999999967,0,0.99999999999999967,6,1.333333333333333,7.333333333333333,0.99999999999999967,0.07333333333333332,0.67333333333333334,3.6733333333333338,0.23247095853774544,0.4863622732412532,0.48636227324125336,0
"evaluation_003","evaluation","intermediate","reset_memory",0.99999999999999967,0,0.99999999999999967,7.0000000000000027,1.8799999999999997,8.8800000000000008,0.99999999999999967,0.088799999999999976,0.68879999999999997,3.6887999999999992,0.23247095853774544,0.4863622732412532,0.48636227324125336,0
"evaluation_003","evaluation","reliable","active",1,0.90000000000000002,0.099999999999999978,20.306666666666668,3.7200000000000002,24.026666666666667,0,0.24026666666666671,0.24026666666666671,0.54026666666666667,0.18799999999999994,0.486026764634858,0.48602676463485794,0
"evaluation_003","evaluation","reliable","no_epistemic",1,0.90000000000000002,0.099999999999999978,20.306666666666668,3.7200000000000002,24.026666666666667,0,0.24026666666666671,0.24026666666666671,0.54026666666666667,0.18799999999999994,0.486026764634858,0.48602676463485794,0
"evaluation_003","evaluation","reliable","no_look",1,0.90000000000000002,0.099999999999999978,20.306666666666668,3.7200000000000002,24.026666666666667,0,0.24026666666666671,0.24026666666666671,0.54026666666666667,0.18799999999999994,0.486026764634858,0.48602676463485794,0
"evaluation_003","evaluation","reliable","matched_random_look",0.99999999999999944,0.90000000000000002,0.099999999999999936,20.306666666666658,3.7200000000000002,24.026666666666681,0.66666666666666619,0.24026666666666663,0.64026666666666643,0.94026666666666703,0.14808832614942521,0.31872908816036061,0.31872908816036055,0
"evaluation_003","evaluation","reliable","compiled_matched",1,0.90000000000000002,0.099999999999999978,20.306666666666668,3.7200000000000002,24.026666666666667,0,0.24026666666666671,0.24026666666666671,0.54026666666666667,0.18799999999999994,0.486026764634858,0.48602676463485794,0
"evaluation_003","evaluation","reliable","oracle",1,1,0,21.666666666666668,4,25.666666666666668,0,0.25666666666666665,0.25666666666666665,0.25666666666666665,0,0,0,0
"evaluation_003","evaluation","reliable","frozen_motor_keys",1,0.16666666666666666,0.83333333333333337,10.166666666666666,1.6666666666666667,11.83333333333333,0,0.1183333333333333,0.1183333333333333,2.6183333333333332,0.18799999999999994,0.486026764634858,0.48602676463485794,0
"evaluation_003","evaluation","reliable","frozen_motor_attention",1,0,1,6,1.3333333333333333,7.333333333333333,0,0.073333333333333348,0.073333333333333348,3.0733333333333328,0.18799999999999994,0.486026764634858,0.48602676463485794,0
"evaluation_003","evaluation","reliable","reset_memory",1,0,1,7,1.9200000000000002,8.9199999999999999,0,0.089200000000000002,0.089200000000000002,3.0891999999999999,0.18799999999999994,0.486026764634858,0.48602676463485794,0
"evaluation_004","evaluation","ambiguous","active",1.0000000000000007,0.84999999999999998,0.15000000000000005,16.576666666666664,3.5800000000000005,20.15666666666667,1.0000000000000007,0.20156666666666678,0.80156666666666665,1.2515666666666667,0.26414761134025994,0.61728127047639925,0.6172812704763988,0
"evaluation_004","evaluation","ambiguous","no_epistemic",1.0000000000000007,0.84999999999999998,0.15000000000000005,16.576666666666664,3.5800000000000005,20.15666666666667,1.0000000000000007,0.20156666666666678,0.80156666666666665,1.2515666666666667,0.26414761134025994,0.61728127047639925,0.6172812704763988,0
"evaluation_004","evaluation","ambiguous","no_look",1,0.40000000000000008,0.59999999999999998,10.306666666666667,2.3200000000000003,12.626666666666667,0,0.12626666666666667,0.12626666666666667,1.9262666666666668,0.7679999999999999,1.6386744144697165,1.638674414469717,0
"evaluation_004","evaluation","ambiguous","matched_random_look",0.99999999999999922,0.70000000000000018,0.3000000000000001,14.486666666666666,3.1600000000000006,17.646666666666665,0.66666666666666663,0.17646666666666674,0.57646666666666679,1.476466666666667,0.43209840756017304,0.95774565180750459,0.95774565180750482,0
"evaluation_004","evaluation","ambiguous","compiled_matched",1.0000000000000007,0.84999999999999998,0.15000000000000005,16.576666666666664,3.5800000000000005,20.15666666666667,1.0000000000000007,0.20156666666666678,0.80156666666666665,1.2515666666666667,0.26414761134025994,0.61728127047639925,0.6172812704763988,0
"evaluation_004","evaluation","ambiguous","oracle",1,1,0,18.666666666666668,4,22.666666666666668,0,0.22666666666666668,0.22666666666666668,0.22666666666666668,0,0,0,0
"evaluation_004","evaluation","ambiguous","frozen_motor_keys",1.0000000000000007,0.16666666666666685,0.83333333333333359,6.8333333333333357,1.6666666666666679,8.5,1.0000000000000007,0.084999999999999964,0.68500000000000016,3.1850000000000001,0.26414761134025994,0.61728127047639925,0.6172812704763988,0
"evaluation_004","evaluation","ambiguous","frozen_motor_attention",1.0000000000000007,0,1.0000000000000007,4.0000000000000027,1.3333333333333341,5.333333333333333,1.0000000000000007,0.053333333333333344,0.65333333333333365,3.6533333333333338,0.26414761134025994,0.61728127047639925,0.6172812704763988,0
"evaluation_004","evaluation","ambiguous","reset_memory",1.0000000000000007,0,1.0000000000000007,3.6666666666666692,1.8800000000000008,5.5466666666666669,1.0000000000000007,0.055466666666666664,0.65546666666666675,3.655466666666666,0.26414761134025994,0.61728127047639925,0.6172812704763988,0
"evaluation_004","evaluation","intermediate","active",0.99999999999999967,0.84999999999999998,0.14999999999999997,16.576666666666672,3.5799999999999996,20.156666666666677,0.99999999999999967,0.20156666666666659,0.80156666666666643,1.2515666666666667,0.23247095853774544,0.4863622732412532,0.48636227324125336,0
"evaluation_004","evaluation","intermediate","no_epistemic",0.99999999999999989,0.65000000000000002,0.34999999999999992,13.789999999999999,3.0199999999999996,16.810000000000002,0,0.16810000000000003,0.16810000000000003,1.2181,0.55299999999999994,1.2107499083865674,1.2107499083865669,0
"evaluation_004","evaluation","intermediate","no_look",0.99999999999999989,0.65000000000000002,0.34999999999999992,13.789999999999999,3.0199999999999996,16.810000000000002,0,0.16810000000000003,0.16810000000000003,1.2181,0.55299999999999994,1.2107499083865674,1.2107499083865669,0
"evaluation_004","evaluation","intermediate","matched_random_look",0.99999999999999944,0.78333333333333321,0.21666666666666676,15.647777777777778,3.3933333333333322,19.041111111111125,0.66666666666666641,0.19041111111111106,0.59041111111111111,1.2404111111111107,0.33931397235849686,0.72782481828969103,0.72782481828969059,0
"evaluation_004","evaluation","intermediate","compiled_matched",0.99999999999999967,0.84999999999999998,0.14999999999999997,16.576666666666672,3.5799999999999996,20.156666666666677,0.99999999999999967,0.20156666666666659,0.80156666666666643,1.2515666666666667,0.23247095853774544,0.4863622732412532,0.48636227324125336,0
"evaluation_004","evaluation","intermediate","oracle",0.99999999999999989,0.99999999999999989,0,18.666666666666664,3.9999999999999996,22.666666666666668,0,0.22666666666666668,0.22666666666666668,0.22666666666666668,0,0,0,0
"evaluation_004","evaluation","intermediate","frozen_motor_keys",0.99999999999999967,0.1666666666666666,0.83333333333333315,6.8333333333333384,1.6666666666666661,8.5000000000000018,0.99999999999999967,0.084999999999999923,0.68499999999999972,3.1849999999999992,0.23247095853774544,0.4863622732412532,0.48636227324125336,0
"evaluation_004","evaluation","intermediate","frozen_motor_attention",0.99999999999999967,0,0.99999999999999967,3.9999999999999987,1.333333333333333,5.3333333333333357,0.99999999999999967,0.053333333333333337,0.6533333333333331,3.6533333333333329,0.23247095853774544,0.4863622732412532,0.48636227324125336,0
"evaluation_004","evaluation","intermediate","reset_memory",0.99999999999999967,0,0.99999999999999967,3.6666666666666661,1.8799999999999997,5.5466666666666695,0.99999999999999967,0.055466666666666671,0.65546666666666631,3.6554666666666655,0.23247095853774544,0.4863622732412532,0.48636227324125336,0
"evaluation_004","evaluation","reliable","active",1,0.90000000000000002,0.099999999999999978,17.27333333333333,3.7200000000000002,20.993333333333336,0,0.20993333333333333,0.20993333333333333,0.50993333333333324,0.18799999999999994,0.486026764634858,0.48602676463485794,0
"evaluation_004","evaluation","reliable","no_epistemic",1,0.90000000000000002,0.099999999999999978,17.27333333333333,3.7200000000000002,20.993333333333336,0,0.20993333333333333,0.20993333333333333,0.50993333333333324,0.18799999999999994,0.486026764634858,0.48602676463485794,0
"evaluation_004","evaluation","reliable","no_look",1,0.90000000000000002,0.099999999999999978,17.27333333333333,3.7200000000000002,20.993333333333336,0,0.20993333333333333,0.20993333333333333,0.50993333333333324,0.18799999999999994,0.486026764634858,0.48602676463485794,0
"evaluation_004","evaluation","reliable","matched_random_look",0.99999999999999944,0.90000000000000002,0.099999999999999936,17.27333333333333,3.7200000000000002,20.993333333333329,0.66666666666666619,0.20993333333333322,0.60993333333333355,0.90993333333333359,0.14808832614942521,0.31872908816036061,0.31872908816036055,0
"evaluation_004","evaluation","reliable","compiled_matched",1,0.90000000000000002,0.099999999999999978,17.27333333333333,3.7200000000000002,20.993333333333336,0,0.20993333333333333,0.20993333333333333,0.50993333333333324,0.18799999999999994,0.486026764634858,0.48602676463485794,0
"evaluation_004","evaluation","reliable","oracle",1,1,0,18.666666666666664,4,22.666666666666671,0,0.22666666666666668,0.22666666666666668,0.22666666666666668,0,0,0,0
"evaluation_004","evaluation","reliable","frozen_motor_keys",1,0.16666666666666666,0.83333333333333337,6.8333333333333321,1.6666666666666667,8.5,0,0.085000000000000006,0.085000000000000006,2.5849999999999995,0.18799999999999994,0.486026764634858,0.48602676463485794,0
"evaluation_004","evaluation","reliable","frozen_motor_attention",1,0,1,4,1.3333333333333333,5.333333333333333,0,0.053333333333333337,0.053333333333333337,3.0533333333333332,0.18799999999999994,0.486026764634858,0.48602676463485794,0
"evaluation_004","evaluation","reliable","reset_memory",1,0,1,3.6666666666666665,1.9200000000000002,5.586666666666666,0,0.055866666666666669,0.055866666666666669,3.0558666666666667,0.18799999999999994,0.486026764634858,0.48602676463485794,0
"evaluation_005","evaluation","ambiguous","active",1.0000000000000007,0.84999999999999998,0.15000000000000005,23.119999999999994,3.5800000000000005,26.699999999999999,1.0000000000000007,0.26700000000000002,0.86699999999999988,1.3169999999999999,0.26414761134025994,0.61728127047639925,0.6172812704763988,0
"evaluation_005","evaluation","ambiguous","no_epistemic",1.0000000000000007,0.84999999999999998,0.15000000000000005,23.119999999999994,3.5800000000000005,26.699999999999999,1.0000000000000007,0.26700000000000002,0.86699999999999988,1.3169999999999999,0.26414761134025994,0.61728127047639925,0.6172812704763988,0
"evaluation_005","evaluation","ambiguous","no_look",1,0.40000000000000008,0.59999999999999998,14.479999999999999,2.3200000000000003,16.800000000000001,0,0.16800000000000001,0.16800000000000001,1.968,0.7679999999999999,1.6386744144697165,1.638674414469717,0
"evaluation_005","evaluation","ambiguous","matched_random_look",0.99999999999999922,0.70000000000000018,0.3000000000000001,20.239999999999998,3.1600000000000006,23.400000000000002,0.66666666666666663,0.23400000000000007,0.63400000000000001,1.5339999999999996,0.43209840756017304,0.95774565180750459,0.95774565180750482,0
"evaluation_005","evaluation","ambiguous","compiled_matched",1.0000000000000007,0.84999999999999998,0.15000000000000005,23.119999999999994,3.5800000000000005,26.699999999999999,1.0000000000000007,0.26700000000000002,0.86699999999999988,1.3169999999999999,0.26414761134025994,0.61728127047639925,0.6172812704763988,0
"evaluation_005","evaluation","ambiguous","oracle",1,1,0,26,4,30,0,0.29999999999999999,0.29999999999999999,0.29999999999999999,0,0,0,0
"evaluation_005","evaluation","ambiguous","frozen_motor_keys",1.0000000000000007,0.16666666666666685,0.83333333333333359,10.166666666666668,1.6666666666666679,11.83333333333333,1.0000000000000007,0.11833333333333339,0.71833333333333294,3.2183333333333342,0.26414761134025994,0.61728127047639925,0.6172812704763988,0
"evaluation_005","evaluation","ambiguous","frozen_motor_attention",1.0000000000000007,0,1.0000000000000007,6.0000000000000027,1.3333333333333341,7.3333333333333357,1.0000000000000007,0.07333333333333332,0.67333333333333323,3.6733333333333338,0.26414761134025994,0.61728127047639925,0.6172812704763988,0
"evaluation_005","evaluation","ambiguous","reset_memory",1.0000000000000007,0,1.0000000000000007,5.333333333333333,1.8800000000000008,7.2133333333333356,1.0000000000000007,0.072133333333333341,0.67213333333333336,3.672133333333333,0.26414761134025994,0.61728127047639925,0.6172812704763988,0
"evaluation_005","evaluation","intermediate","active",0.99999999999999967,0.84999999999999998,0.14999999999999997,23.120000000000001,3.5799999999999996,26.700000000000006,0.99999999999999967,0.26699999999999996,0.8670000000000001,1.3169999999999997,0.23247095853774544,0.4863622732412532,0.48636227324125336,0
"evaluation_005","evaluation","intermediate","no_epistemic",0.99999999999999989,0.65000000000000002,0.34999999999999992,19.280000000000001,3.0199999999999996,22.300000000000001,0,0.223,0.223,1.2729999999999999,0.55299999999999994,1.2107499083865674,1.2107499083865669,0
"evaluation_005","evaluation","intermediate","no_look",0.99999999999999989,0.65000000000000002,0.34999999999999992,19.280000000000001,3.0199999999999996,22.300000000000001,0,0.223,0.223,1.2729999999999999,0.55299999999999994,1.2107499083865674,1.2107499083865669,0
"evaluation_005","evaluation","intermediate","matched_random_look",0.99999999999999944,0.78333333333333321,0.21666666666666676,21.840000000000003,3.3933333333333322,25.233333333333334,0.66666666666666641,0.2523333333333333,0.65233333333333332,1.3023333333333333,0.33931397235849686,0.72782481828969103,0.72782481828969059,0
"evaluation_005","evaluation","intermediate","compiled_matched",0.99999999999999967,0.84999999999999998,0.14999999999999997,23.120000000000001,3.5799999999999996,26.700000000000006,0.99999999999999967,0.26699999999999996,0.8670000000000001,1.3169999999999997,0.23247095853774544,0.4863622732412532,0.48636227324125336,0
"evaluation_005","evaluation","intermediate","oracle",0.99999999999999989,0.99999999999999989,0,26,3.9999999999999996,30,0,0.29999999999999999,0.29999999999999999,0.29999999999999999,0,0,0,0
"evaluation_005","evaluation","intermediate","frozen_motor_keys",0.99999999999999967,0.1666666666666666,0.83333333333333315,10.166666666666668,1.6666666666666661,11.833333333333337,0.99999999999999967,0.11833333333333328,0.71833333333333327,3.2183333333333324,0.23247095853774544,0.4863622732412532,0.48636227324125336,0
"evaluation_005","evaluation","intermediate","frozen_motor_attention",0.99999999999999967,0,0.99999999999999967,6,1.333333333333333,7.333333333333333,0.99999999999999967,0.07333333333333332,0.67333333333333334,3.6733333333333338,0.23247095853774544,0.4863622732412532,0.48636227324125336,0
"evaluation_005","evaluation","intermediate","reset_memory",0.99999999999999967,0,0.99999999999999967,5.3333333333333366,1.8799999999999997,7.2133333333333338,0.99999999999999967,0.072133333333333341,0.67213333333333336,3.6721333333333335,0.23247095853774544,0.4863622732412532,0.48636227324125336,0
"evaluation_005","evaluation","reliable","active",1,0.90000000000000002,0.099999999999999978,24.079999999999998,3.7200000000000002,27.799999999999997,0,0.27800000000000002,0.27800000000000002,0.57799999999999996,0.18799999999999994,0.486026764634858,0.48602676463485794,0
"evaluation_005","evaluation","reliable","no_epistemic",1,0.90000000000000002,0.099999999999999978,24.079999999999998,3.7200000000000002,27.799999999999997,0,0.27800000000000002,0.27800000000000002,0.57799999999999996,0.18799999999999994,0.486026764634858,0.48602676463485794,0
"evaluation_005","evaluation","reliable","no_look",1,0.90000000000000002,0.099999999999999978,24.079999999999998,3.7200000000000002,27.799999999999997,0,0.27800000000000002,0.27800000000000002,0.57799999999999996,0.18799999999999994,0.486026764634858,0.48602676463485794,0
"evaluation_005","evaluation","reliable","matched_random_look",0.99999999999999944,0.90000000000000002,0.099999999999999936,24.080000000000002,3.7200000000000002,27.800000000000001,0.66666666666666619,0.27799999999999997,0.67800000000000027,0.97800000000000009,0.14808832614942521,0.31872908816036061,0.31872908816036055,0
"evaluation_005","evaluation","reliable","compiled_matched",1,0.90000000000000002,0.099999999999999978,24.079999999999998,3.7200000000000002,27.799999999999997,0,0.27800000000000002,0.27800000000000002,0.57799999999999996,0.18799999999999994,0.486026764634858,0.48602676463485794,0
"evaluation_005","evaluation","reliable","oracle",1,1,0,26,4,30,0,0.29999999999999999,0.29999999999999999,0.29999999999999999,0,0,0,0
"evaluation_005","evaluation","reliable","frozen_motor_keys",1,0.16666666666666666,0.83333333333333337,10.166666666666668,1.6666666666666667,11.833333333333334,0,0.11833333333333333,0.11833333333333333,2.6183333333333332,0.18799999999999994,0.486026764634858,0.48602676463485794,0
"evaluation_005","evaluation","reliable","frozen_motor_attention",1,0,1,6,1.3333333333333333,7.333333333333333,0,0.073333333333333348,0.073333333333333348,3.0733333333333328,0.18799999999999994,0.486026764634858,0.48602676463485794,0
"evaluation_005","evaluation","reliable","reset_memory",1,0,1,5.333333333333333,1.9200000000000002,7.253333333333333,0,0.072533333333333339,0.072533333333333339,3.0725333333333329,0.18799999999999994,0.486026764634858,0.48602676463485794,0
"evaluation_006","evaluation","ambiguous","active",1.0000000000000007,0.84999999999999998,0.15000000000000005,16.960000000000004,3.5800000000000005,20.540000000000003,1.0000000000000007,0.20540000000000003,0.80540000000000023,1.2554000000000001,0.26414761134025994,0.61728127047639925,0.6172812704763988,0
"evaluation_006","evaluation","ambiguous","no_epistemic",1.0000000000000007,0.84999999999999998,0.15000000000000005,16.960000000000004,3.5800000000000005,20.540000000000003,1.0000000000000007,0.20540000000000003,0.80540000000000023,1.2554000000000001,0.26414761134025994,0.61728127047639925,0.6172812704763988,0
"evaluation_006","evaluation","ambiguous","no_look",1,0.40000000000000008,0.59999999999999998,10.840000000000002,2.3200000000000003,13.160000000000002,0,0.13160000000000002,0.13160000000000002,1.9315999999999998,0.7679999999999999,1.6386744144697165,1.638674414469717,0
"evaluation_006","evaluation","ambiguous","matched_random_look",0.99999999999999922,0.70000000000000018,0.3000000000000001,14.920000000000002,3.1600000000000006,18.079999999999995,0.66666666666666663,0.18080000000000007,0.58080000000000009,1.4807999999999997,0.43209840756017304,0.95774565180750459,0.95774565180750482,0
"evaluation_006","evaluation","ambiguous","compiled_matched",1.0000000000000007,0.84999999999999998,0.15000000000000005,16.960000000000004,3.5800000000000005,20.540000000000003,1.0000000000000007,0.20540000000000003,0.80540000000000023,1.2554000000000001,0.26414761134025994,0.61728127047639925,0.6172812704763988,0
"evaluation_006","evaluation","ambiguous","oracle",1,1,0,19,4,23,0,0.23000000000000001,0.23000000000000001,0.23000000000000001,0,0,0,0
"evaluation_006","evaluation","ambiguous","frozen_motor_keys",1.0000000000000007,0.16666666666666685,0.83333333333333359,6.833333333333333,1.6666666666666679,8.5000000000000018,1.0000000000000007,0.085000000000000006,0.68500000000000016,3.1850000000000001,0.26414761134025994,0.61728127047639925,0.6172812704763988,0
"evaluation_006","evaluation","ambiguous","frozen_motor_attention",1.0000000000000007,0,1.0000000000000007,4.0000000000000027,1.3333333333333341,5.333333333333333,1.0000000000000007,0.053333333333333344,0.65333333333333365,3.6533333333333338,0.26414761134025994,0.61728127047639925,0.6172812704763988,0
"evaluation_006","evaluation","ambiguous","reset_memory",1.0000000000000007,0,1.0000000000000007,4.3333333333333339,1.8800000000000008,6.2133333333333338,1.0000000000000007,0.062133333333333346,0.66213333333333357,3.6621333333333337,0.26414761134025994,0.61728127047639925,0.6172812704763988,0
"evaluation_006","evaluation","intermediate","active",0.99999999999999967,0.84999999999999998,0.14999999999999997,16.960000000000004,3.5799999999999996,20.540000000000003,0.99999999999999967,0.20539999999999992,0.80539999999999967,1.2554000000000005,0.23247095853774544,0.4863622732412532,0.48636227324125336,0
"evaluation_006","evaluation","intermediate","no_epistemic",0.99999999999999989,0.65000000000000002,0.34999999999999992,14.24,3.0199999999999996,17.260000000000002,0,0.1726,0.1726,1.2225999999999997,0.55299999999999994,1.2107499083865674,1.2107499083865669,0
"evaluation_006","evaluation","intermediate","no_look",0.99999999999999989,0.65000000000000002,0.34999999999999992,14.24,3.0199999999999996,17.260000000000002,0,0.1726,0.1726,1.2225999999999997,0.55299999999999994,1.2107499083865674,1.2107499083865669,0
"evaluation_006","evaluation","intermediate","matched_random_look",0.99999999999999944,0.78333333333333321,0.21666666666666676,16.053333333333331,3.3933333333333322,19.446666666666676,0.66666666666666641,0.19446666666666665,0.5944666666666667,1.2444666666666662,0.33931397235849686,0.72782481828969103,0.72782481828969059,0
"evaluation_006","evaluation","intermediate","compiled_matched",0.99999999999999967,0.84999999999999998,0.14999999999999997,16.960000000000004,3.5799999999999996,20.540000000000003,0.99999999999999967,0.20539999999999992,0.80539999999999967,1.2554000000000005,0.23247095853774544,0.4863622732412532,0.48636227324125336,0
"evaluation_006","evaluation","intermediate","oracle",0.99999999999999989,0.99999999999999989,0,19,3.9999999999999996,23,0,0.23000000000000001,0.23000000000000001,0.23000000000000001,0,0,0,0
"evaluation_006","evaluation","intermediate","frozen_motor_keys",0.99999999999999967,0.1666666666666666,0.83333333333333315,6.833333333333333,1.6666666666666661,8.5,0.99999999999999967,0.085000000000000062,0.6849999999999995,3.1849999999999987,0.23247095853774544,0.4863622732412532,0.48636227324125336,0
"evaluation_006","evaluation","intermediate","frozen_motor_attention",0.99999999999999967,0,0.99999999999999967,3.9999999999999987,1.333333333333333,5.3333333333333357,0.99999999999999967,0.053333333333333337,0.6533333333333331,3.6533333333333329,0.23247095853774544,0.4863622732412532,0.48636227324125336,0
"evaluation_006","evaluation","intermediate","reset_memory",0.99999999999999967,0,0.99999999999999967,4.333333333333333,1.8799999999999997,6.2133333333333347,0.99999999999999967,0.062133333333333325,0.66213333333333313,3.6621333333333319,0.23247095853774544,0.4863622732412532,0.48636227324125336,0
"evaluation_006","evaluation","reliable","active",1,0.90000000000000002,0.099999999999999978,17.640000000000001,3.7200000000000002,21.360000000000003,0,0.21360000000000001,0.21360000000000001,0.51359999999999995,0.18799999999999994,0.486026764634858,0.48602676463485794,0
"evaluation_006","evaluation","reliable","no_epistemic",1,0.90000000000000002,0.099999999999999978,17.640000000000001,3.7200000000000002,21.360000000000003,0,0.21360000000000001,0.21360000000000001,0.51359999999999995,0.18799999999999994,0.486026764634858,0.48602676463485794,0
"evaluation_006","evaluation","reliable","no_look",1,0.90000000000000002,0.099999999999999978,17.640000000000001,3.7200000000000002,21.360000000000003,0,0.21360000000000001,0.21360000000000001,0.51359999999999995,0.18799999999999994,0.486026764634858,0.48602676463485794,0
"evaluation_006","evaluation","reliable","matched_random_look",0.99999999999999944,0.90000000000000002,0.099999999999999936,17.639999999999997,3.7200000000000002,21.36000000000001,0.66666666666666619,0.21359999999999998,0.61360000000000037,0.91360000000000019,0.14808832614942521,0.31872908816036061,0.31872908816036055,0
"evaluation_006","evaluation","reliable","compiled_matched",1,0.90000000000000002,0.099999999999999978,17.640000000000001,3.7200000000000002,21.360000000000003,0,0.21360000000000001,0.21360000000000001,0.51359999999999995,0.18799999999999994,0.486026764634858,0.48602676463485794,0
"evaluation_006","evaluation","reliable","oracle",1,1,0,19,4,23,0,0.22999999999999998,0.22999999999999998,0.22999999999999998,0,0,0,0
"evaluation_006","evaluation","reliable","frozen_motor_keys",1,0.16666666666666666,0.83333333333333337,6.833333333333333,1.6666666666666667,8.5,0,0.085000000000000006,0.085000000000000006,2.5849999999999995,0.18799999999999994,0.486026764634858,0.48602676463485794,0
"evaluation_006","evaluation","reliable","frozen_motor_attention",1,0,1,4,1.3333333333333333,5.333333333333333,0,0.053333333333333337,0.053333333333333337,3.0533333333333332,0.18799999999999994,0.486026764634858,0.48602676463485794,0
"evaluation_006","evaluation","reliable","reset_memory",1,0,1,4.333333333333333,1.9200000000000002,6.2533333333333339,0,0.062533333333333344,0.062533333333333344,3.0625333333333331,0.18799999999999994,0.486026764634858,0.48602676463485794,0
"evaluation_007","evaluation","ambiguous","active",1.0000000000000007,0.84999999999999998,0.15000000000000005,18.226666666666667,3.5800000000000005,21.806666666666658,1.0000000000000007,0.21806666666666663,0.81806666666666683,1.2680666666666669,0.26414761134025994,0.61728127047639925,0.6172812704763988,0
"evaluation_007","evaluation","ambiguous","no_epistemic",1.0000000000000007,0.84999999999999998,0.15000000000000005,18.226666666666667,3.5800000000000005,21.806666666666658,1.0000000000000007,0.21806666666666663,0.81806666666666683,1.2680666666666669,0.26414761134025994,0.61728127047639925,0.6172812704763988,0
"evaluation_007","evaluation","ambiguous","no_look",1,0.40000000000000008,0.59999999999999998,10.906666666666666,2.3200000000000003,13.226666666666668,0,0.13226666666666667,0.13226666666666667,1.9322666666666668,0.7679999999999999,1.6386744144697165,1.638674414469717,0
"evaluation_007","evaluation","ambiguous","matched_random_look",0.99999999999999922,0.70000000000000018,0.3000000000000001,15.786666666666664,3.1600000000000006,18.946666666666662,0.66666666666666663,0.18946666666666667,0.58946666666666669,1.4894666666666663,0.43209840756017304,0.95774565180750459,0.95774565180750482,0
"evaluation_007","evaluation","ambiguous","compiled_matched",1.0000000000000007,0.84999999999999998,0.15000000000000005,18.226666666666667,3.5800000000000005,21.806666666666658,1.0000000000000007,0.21806666666666663,0.81806666666666683,1.2680666666666669,0.26414761134025994,0.61728127047639925,0.6172812704763988,0
"evaluation_007","evaluation","ambiguous","oracle",1,1,0,20.666666666666668,4,24.666666666666668,0,0.24666666666666667,0.24666666666666667,0.24666666666666667,0,0,0,0
"evaluation_007","evaluation","ambiguous","frozen_motor_keys",1.0000000000000007,0.16666666666666685,0.83333333333333359,5.4999999999999964,1.6666666666666679,7.1666666666666687,1.0000000000000007,0.071666666666666712,0.67166666666666686,3.1716666666666682,0.26414761134025994,0.61728127047639925,0.6172812704763988,0
"evaluation_007","evaluation","ambiguous","frozen_motor_attention",1.0000000000000007,0,1.0000000000000007,2.0000000000000013,1.3333333333333341,3.3333333333333353,1.0000000000000007,0.033333333333333326,0.6333333333333333,3.6333333333333324,0.26414761134025994,0.61728127047639925,0.6172812704763988,0
"evaluation_007","evaluation","ambiguous","reset_memory",1.0000000000000007,0,1.0000000000000007,3.3333333333333335,1.8800000000000008,5.2133333333333338,1.0000000000000007,0.05213333333333333,0.65213333333333334,3.652133333333333,0.26414761134025994,0.61728127047639925,0.6172812704763988,0
"evaluation_007","evaluation","intermediate","active",0.99999999999999967,0.84999999999999998,0.14999999999999997,18.22666666666667,3.5799999999999996,21.806666666666668,0.99999999999999967,0.21806666666666663,0.81806666666666672,1.2680666666666667,0.23247095853774544,0.4863622732412532,0.48636227324125336,0
"evaluation_007","evaluation","intermediate","no_epistemic",0.99999999999999989,0.65000000000000002,0.34999999999999992,14.973333333333334,3.0199999999999996,17.993333333333336,0,0.17993333333333336,0.17993333333333336,1.2299333333333331,0.55299999999999994,1.2107499083865674,1.2107499083865669,0
"evaluation_007","evaluation","intermediate","no_look",0.99999999999999989,0.65000000000000002,0.34999999999999992,14.973333333333334,3.0199999999999996,17.993333333333336,0,0.17993333333333336,0.17993333333333336,1.2299333333333331,0.55299999999999994,1.2107499083865674,1.2107499083865669,0
"evaluation_007","evaluation","intermediate","matched_random_look",0.99999999999999944,0.78333333333333321,0.21666666666666676,17.14222222222223,3.3933333333333322,20.535555555555568,0.66666666666666641,0.20535555555555554,0.60535555555555576,1.2553555555555553,0.33931397235849686,0.72782481828969103,0.72782481828969059,0
"evaluation_007","evaluation","intermediate","compiled_matched",0.99999999999999967,0.84999999999999998,0.14999999999999997,18.22666666666667,3.5799999999999996,21.806666666666668,0.99999999999999967,0.21806666666666663,0.81806666666666672,1.2680666666666667,0.23247095853774544,0.4863622732412532,0.48636227324125336,0
"evaluation_007","evaluation","intermediate","oracle",0.99999999999999989,0.99999999999999989,0,20.666666666666668,3.9999999999999996,24.666666666666668,0,0.2466666666666667,0.2466666666666667,0.2466666666666667,0,0,0,0
"evaluation_007","evaluation","intermediate","frozen_motor_keys",0.99999999999999967,0.1666666666666666,0.83333333333333315,5.5000000000000062,1.6666666666666661,7.166666666666667,0.99999999999999967,0.071666666666666656,0.67166666666666652,3.1716666666666669,0.23247095853774544,0.4863622732412532,0.48636227324125336,0
"evaluation_007","evaluation","intermediate","frozen_motor_attention",0.99999999999999967,0,0.99999999999999967,1.9999999999999993,1.333333333333333,3.3333333333333326,0.99999999999999967,0.033333333333333333,0.63333333333333319,3.6333333333333342,0.23247095853774544,0.4863622732412532,0.48636227324125336,0
"evaluation_007","evaluation","intermediate","reset_memory",0.99999999999999967,0,0.99999999999999967,3.3333333333333326,1.8799999999999997,5.2133333333333338,0.99999999999999967,0.052133333333333337,0.65213333333333334,3.6521333333333335,0.23247095853774544,0.4863622732412532,0.48636227324125336,0
"evaluation_007","evaluation","reliable","active",1,0.90000000000000002,0.099999999999999978,19.040000000000003,3.7200000000000002,22.760000000000002,0,0.22760000000000002,0.22760000000000002,0.52759999999999996,0.18799999999999994,0.486026764634858,0.48602676463485794,0
"evaluation_007","evaluation","reliable","no_epistemic",1,0.90000000000000002,0.099999999999999978,19.040000000000003,3.7200000000000002,22.760000000000002,0,0.22760000000000002,0.22760000000000002,0.52759999999999996,0.18799999999999994,0.486026764634858,0.48602676463485794,0
"evaluation_007","evaluation","reliable","no_look",1,0.90000000000000002,0.099999999999999978,19.040000000000003,3.7200000000000002,22.760000000000002,0,0.22760000000000002,0.22760000000000002,0.52759999999999996,0.18799999999999994,0.486026764634858,0.48602676463485794,0
"evaluation_007","evaluation","reliable","matched_random_look",0.99999999999999944,0.90000000000000002,0.099999999999999936,19.039999999999996,3.7200000000000002,22.760000000000005,0.66666666666666619,0.22759999999999991,0.62760000000000049,0.92760000000000031,0.14808832614942521,0.31872908816036061,0.31872908816036055,0
"evaluation_007","evaluation","reliable","compiled_matched",1,0.90000000000000002,0.099999999999999978,19.040000000000003,3.7200000000000002,22.760000000000002,0,0.22760000000000002,0.22760000000000002,0.52759999999999996,0.18799999999999994,0.486026764634858,0.48602676463485794,0
"evaluation_007","evaluation","reliable","oracle",1,1,0,20.666666666666668,4,24.666666666666668,0,0.24666666666666667,0.24666666666666667,0.24666666666666667,0,0,0,0
"evaluation_007","evaluation","reliable","frozen_motor_keys",1,0.16666666666666666,0.83333333333333337,5.4999999999999991,1.6666666666666667,7.166666666666667,0,0.07166666666666667,0.07166666666666667,2.5716666666666663,0.18799999999999994,0.486026764634858,0.48602676463485794,0
"evaluation_007","evaluation","reliable","frozen_motor_attention",1,0,1,2,1.3333333333333333,3.3333333333333335,0,0.033333333333333333,0.033333333333333333,3.0333333333333332,0.18799999999999994,0.486026764634858,0.48602676463485794,0
"evaluation_007","evaluation","reliable","reset_memory",1,0,1,3.3333333333333335,1.9200000000000002,5.253333333333333,0,0.052533333333333342,0.052533333333333342,3.0525333333333329,0.18799999999999994,0.486026764634858,0.48602676463485794,0
"evaluation_008","evaluation","ambiguous","active",1.0000000000000007,0.84999999999999998,0.15000000000000005,13.886666666666663,3.5800000000000005,17.466666666666669,1.0000000000000007,0.17466666666666675,0.77466666666666673,1.2246666666666668,0.26414761134025994,0.61728127047639925,0.6172812704763988,0
"evaluation_008","evaluation","ambiguous","no_epistemic",1.0000000000000007,0.84999999999999998,0.15000000000000005,13.886666666666663,3.5800000000000005,17.466666666666669,1.0000000000000007,0.17466666666666675,0.77466666666666673,1.2246666666666668,0.26414761134025994,0.61728127047639925,0.6172812704763988,0
"evaluation_008","evaluation","ambiguous","no_look",1,0.40000000000000008,0.59999999999999998,8.5466666666666669,2.3200000000000003,10.866666666666667,0,0.10866666666666669,0.10866666666666669,1.908666666666667,0.7679999999999999,1.6386744144697165,1.638674414469717,0
"evaluation_008","evaluation","ambiguous","matched_random_look",0.99999999999999922,0.70000000000000018,0.3000000000000001,12.106666666666667,3.1600000000000006,15.266666666666666,0.66666666666666663,0.1526666666666667,0.55266666666666675,1.4526666666666668,0.43209840756017304,0.95774565180750459,0.95774565180750482,0
"evaluation_008","evaluation","ambiguous","compiled_matched",1.0000000000000007,0.84999999999999998,0.15000000000000005,13.886666666666663,3.5800000000000005,17.466666666666669,1.0000000000000007,0.17466666666666675,0.77466666666666673,1.2246666666666668,0.26414761134025994,0.61728127047639925,0.6172812704763988,0
"evaluation_008","evaluation","ambiguous","oracle",1,1,0,15.666666666666666,4,19.666666666666668,0,0.19666666666666668,0.19666666666666668,0.19666666666666668,0,0,0,0
"evaluation_008","evaluation","ambiguous","frozen_motor_keys",1.0000000000000007,0.16666666666666685,0.83333333333333359,3.9999999999999996,1.6666666666666679,5.6666666666666679,1.0000000000000007,0.056666666666666705,0.65666666666666684,3.1566666666666681,0.26414761134025994,0.61728127047639925,0.6172812704763988,0
"evaluation_008","evaluation","ambiguous","frozen_motor_attention",1.0000000000000007,0,1.0000000000000007,2.0000000000000013,1.3333333333333341,3.3333333333333353,1.0000000000000007,0.033333333333333326,0.6333333333333333,3.6333333333333324,0.26414761134025994,0.61728127047639925,0.6172812704763988,0
"evaluation_008","evaluation","ambiguous","reset_memory",1.0000000000000007,0,1.0000000000000007,3.0000000000000013,1.8800000000000008,4.8799999999999999,1.0000000000000007,0.048799999999999989,0.64880000000000004,3.6487999999999992,0.26414761134025994,0.61728127047639925,0.6172812704763988,0
"evaluation_008","evaluation","intermediate","active",0.99999999999999967,0.84999999999999998,0.14999999999999997,13.886666666666668,3.5799999999999996,17.466666666666669,0.99999999999999967,0.17466666666666666,0.77466666666666628,1.2246666666666666,0.23247095853774544,0.4863622732412532,0.48636227324125336,0
"evaluation_008","evaluation","intermediate","no_epistemic",0.99999999999999989,0.65000000000000002,0.34999999999999992,11.513333333333334,3.0199999999999996,14.533333333333333,0,0.14533333333333334,0.14533333333333334,1.1953333333333334,0.55299999999999994,1.2107499083865674,1.2107499083865669,0
"evaluation_008","evaluation","intermediate","no_look",0.99999999999999989,0.65000000000000002,0.34999999999999992,11.513333333333334,3.0199999999999996,14.533333333333333,0,0.14533333333333334,0.14533333333333334,1.1953333333333334,0.55299999999999994,1.2107499083865674,1.2107499083865669,0
"evaluation_008","evaluation","intermediate","matched_random_look",0.99999999999999944,0.78333333333333321,0.21666666666666676,13.095555555555558,3.3933333333333322,16.488888888888891,0.66666666666666641,0.16488888888888886,0.564888888888889,1.2148888888888887,0.33931397235849686,0.72782481828969103,0.72782481828969059,0
"evaluation_008","evaluation","intermediate","compiled_matched",0.99999999999999967,0.84999999999999998,0.14999999999999997,13.886666666666668,3.5799999999999996,17.466666666666669,0.99999999999999967,0.17466666666666666,0.77466666666666628,1.2246666666666666,0.23247095853774544,0.4863622732412532,0.48636227324125336,0
"evaluation_008","evaluation","intermediate","oracle",0.99999999999999989,0.99999999999999989,0,15.666666666666666,3.9999999999999996,19.666666666666668,0,0.19666666666666668,0.19666666666666668,0.19666666666666668,0,0,0,0
"evaluation_008","evaluation","intermediate","frozen_motor_keys",0.99999999999999967,0.1666666666666666,0.83333333333333315,3.9999999999999996,1.6666666666666661,5.6666666666666652,0.99999999999999967,0.056666666666666671,0.65666666666666662,3.1566666666666667,0.23247095853774544,0.4863622732412532,0.48636227324125336,0
"evaluation_008","evaluation","intermediate","frozen_motor_attention",0.99999999999999967,0,0.99999999999999967,1.9999999999999993,1.333333333333333,3.3333333333333326,0.99999999999999967,0.033333333333333333,0.63333333333333319,3.6333333333333342,0.23247095853774544,0.4863622732412532,0.48636227324125336,0
"evaluation_008","evaluation","intermediate","reset_memory",0.99999999999999967,0,0.99999999999999967,2.9999999999999996,1.8799999999999997,4.8800000000000017,0.99999999999999967,0.04880000000000001,0.64879999999999971,3.6487999999999996,0.23247095853774544,0.4863622732412532,0.48636227324125336,0
"evaluation_008","evaluation","reliable","active",1,0.90000000000000002,0.099999999999999978,14.479999999999999,3.7200000000000002,18.200000000000003,0,0.18200000000000002,0.18200000000000002,0.48199999999999998,0.18799999999999994,0.486026764634858,0.48602676463485794,0
"evaluation_008","evaluation","reliable","no_epistemic",1,0.90000000000000002,0.099999999999999978,14.479999999999999,3.7200000000000002,18.200000000000003,0,0.18200000000000002,0.18200000000000002,0.48199999999999998,0.18799999999999994,0.486026764634858,0.48602676463485794,0
"evaluation_008","evaluation","reliable","no_look",1,0.90000000000000002,0.099999999999999978,14.479999999999999,3.7200000000000002,18.200000000000003,0,0.18200000000000002,0.18200000000000002,0.48199999999999998,0.18799999999999994,0.486026764634858,0.48602676463485794,0
"evaluation_008","evaluation","reliable","matched_random_look",0.99999999999999944,0.90000000000000002,0.099999999999999936,14.480000000000002,3.7200000000000002,18.199999999999996,0.66666666666666619,0.18199999999999994,0.58200000000000041,0.88200000000000023,0.14808832614942521,0.31872908816036061,0.31872908816036055,0
"evaluation_008","evaluation","reliable","compiled_matched",1,0.90000000000000002,0.099999999999999978,14.479999999999999,3.7200000000000002,18.200000000000003,0,0.18200000000000002,0.18200000000000002,0.48199999999999998,0.18799999999999994,0.486026764634858,0.48602676463485794,0
"evaluation_008","evaluation","reliable","oracle",1,1,0,15.66666666666667,4,19.666666666666668,0,0.19666666666666668,0.19666666666666668,0.19666666666666668,0,0,0,0
"evaluation_008","evaluation","reliable","frozen_motor_keys",1,0.16666666666666666,0.83333333333333337,4,1.6666666666666667,5.666666666666667,0,0.056666666666666671,0.056666666666666671,2.5566666666666662,0.18799999999999994,0.486026764634858,0.48602676463485794,0
"evaluation_008","evaluation","reliable","frozen_motor_attention",1,0,1,2,1.3333333333333333,3.3333333333333335,0,0.033333333333333333,0.033333333333333333,3.0333333333333332,0.18799999999999994,0.486026764634858,0.48602676463485794,0
"evaluation_008","evaluation","reliable","reset_memory",1,0,1,3,1.9200000000000002,4.9199999999999999,0,0.049200000000000001,0.049200000000000001,3.0492000000000004,0.18799999999999994,0.486026764634858,0.48602676463485794,0
"evaluation_009","evaluation","ambiguous","active",1.0000000000000007,0.84999999999999998,0.15000000000000005,14.836666666666668,3.5800000000000005,18.416666666666671,1.0000000000000007,0.18416666666666673,0.78416666666666668,1.2341666666666666,0.26414761134025994,0.61728127047639925,0.6172812704763988,0
"evaluation_009","evaluation","ambiguous","no_epistemic",1.0000000000000007,0.84999999999999998,0.15000000000000005,14.836666666666668,3.5800000000000005,18.416666666666671,1.0000000000000007,0.18416666666666673,0.78416666666666668,1.2341666666666666,0.26414761134025994,0.61728127047639925,0.6172812704763988,0
"evaluation_009","evaluation","ambiguous","no_look",1,0.40000000000000008,0.59999999999999998,9.3466666666666676,2.3200000000000003,11.666666666666666,0,0.11666666666666668,0.11666666666666668,1.916666666666667,0.7679999999999999,1.6386744144697165,1.638674414469717,0
"evaluation_009","evaluation","ambiguous","matched_random_look",0.99999999999999922,0.70000000000000018,0.3000000000000001,13.006666666666666,3.1600000000000006,16.166666666666668,0.66666666666666663,0.16166666666666671,0.56166666666666676,1.4616666666666669,0.43209840756017304,0.95774565180750459,0.95774565180750482,0
"evaluation_009","evaluation","ambiguous","compiled_matched",1.0000000000000007,0.84999999999999998,0.15000000000000005,14.836666666666668,3.5800000000000005,18.416666666666671,1.0000000000000007,0.18416666666666673,0.78416666666666668,1.2341666666666666,0.26414761134025994,0.61728127047639925,0.6172812704763988,0
"evaluation_009","evaluation","ambiguous","oracle",1,1,0,16.666666666666668,4,20.666666666666668,0,0.20666666666666669,0.20666666666666669,0.20666666666666669,0,0,0,0
"evaluation_009","evaluation","ambiguous","frozen_motor_keys",1.0000000000000007,0.16666666666666685,0.83333333333333359,6.5000000000000036,1.6666666666666679,8.1666666666666625,1.0000000000000007,0.081666666666666679,0.68166666666666698,3.1816666666666666,0.26414761134025994,0.61728127047639925,0.6172812704763988,0
"evaluation_009","evaluation","ambiguous","frozen_motor_attention",1.0000000000000007,0,1.0000000000000007,4.0000000000000027,1.3333333333333341,5.333333333333333,1.0000000000000007,0.053333333333333344,0.65333333333333365,3.6533333333333338,0.26414761134025994,0.61728127047639925,0.6172812704763988,0
"evaluation_009","evaluation","ambiguous","reset_memory",1.0000000000000007,0,1.0000000000000007,3.6666666666666692,1.8800000000000008,5.5466666666666669,1.0000000000000007,0.055466666666666664,0.65546666666666675,3.655466666666666,0.26414761134025994,0.61728127047639925,0.6172812704763988,0
"evaluation_009","evaluation","intermediate","active",0.99999999999999967,0.84999999999999998,0.14999999999999997,14.836666666666664,3.5799999999999996,18.416666666666675,0.99999999999999967,0.18416666666666659,0.78416666666666623,1.2341666666666669,0.23247095853774544,0.4863622732412532,0.48636227324125336,0
"evaluation_009","evaluation","intermediate","no_epistemic",0.99999999999999989,0.65000000000000002,0.34999999999999992,12.396666666666668,3.0199999999999996,15.416666666666666,0,0.1541666666666667,0.1541666666666667,1.2041666666666666,0.55299999999999994,1.2107499083865674,1.2107499083865669,0
"evaluation_009","evaluation","intermediate","no_look",0.99999999999999989,0.65000000000000002,0.34999999999999992,12.396666666666668,3.0199999999999996,15.416666666666666,0,0.1541666666666667,0.1541666666666667,1.2041666666666666,0.55299999999999994,1.2107499083865674,1.2107499083865669,0
"evaluation_009","evaluation","intermediate","matched_random_look",0.99999999999999944,0.78333333333333321,0.21666666666666676,14.023333333333333,3.3933333333333322,17.416666666666668,0.66666666666666641,0.17416666666666661,0.57416666666666671,1.2241666666666662,0.33931397235849686,0.72782481828969103,0.72782481828969059,0
"evaluation_009","evaluation","intermediate","compiled_matched",0.99999999999999967,0.84999999999999998,0.14999999999999997,14.836666666666664,3.5799999999999996,18.416666666666675,0.99999999999999967,0.18416666666666659,0.78416666666666623,1.2341666666666669,0.23247095853774544,0.4863622732412532,0.48636227324125336,0
"evaluation_009","evaluation","intermediate","oracle",0.99999999999999989,0.99999999999999989,0,16.666666666666668,3.9999999999999996,20.666666666666668,0,0.20666666666666669,0.20666666666666669,0.20666666666666669,0,0,0,0
"evaluation_009","evaluation","intermediate","frozen_motor_keys",0.99999999999999967,0.1666666666666666,0.83333333333333315,6.5,1.6666666666666661,8.166666666666675,0.99999999999999967,0.081666666666666665,0.68166666666666653,3.1816666666666662,0.23247095853774544,0.4863622732412532,0.48636227324125336,0
"evaluation_009","evaluation","intermediate","frozen_motor_attention",0.99999999999999967,0,0.99999999999999967,3.9999999999999987,1.333333333333333,5.3333333333333357,0.99999999999999967,0.053333333333333337,0.6533333333333331,3.6533333333333329,0.23247095853774544,0.4863622732412532,0.48636227324125336,0
"evaluation_009","evaluation","intermediate","reset_memory",0.99999999999999967,0,0.99999999999999967,3.6666666666666661,1.8799999999999997,5.5466666666666695,0.99999999999999967,0.055466666666666671,0.65546666666666631,3.6554666666666655,0.23247095853774544,0.4863622732412532,0.48636227324125336,0
"evaluation_009","evaluation","reliable","active",1,0.90000000000000002,0.099999999999999978,15.446666666666665,3.7200000000000002,19.166666666666668,0,0.19166666666666668,0.19166666666666668,0.49166666666666664,0.18799999999999994,0.486026764634858,0.48602676463485794,0
"evaluation_009","evaluation","reliable","no_epistemic",1,0.90000000000000002,0.099999999999999978,15.446666666666665,3.7200000000000002,19.166666666666668,0,0.19166666666666668,0.19166666666666668,0.49166666666666664,0.18799999999999994,0.486026764634858,0.48602676463485794,0
"evaluation_009","evaluation","reliable","no_look",1,0.90000000000000002,0.099999999999999978,15.446666666666665,3.7200000000000002,19.166666666666668,0,0.19166666666666668,0.19166666666666668,0.49166666666666664,0.18799999999999994,0.486026764634858,0.48602676463485794,0
"evaluation_009","evaluation","reliable","matched_random_look",0.99999999999999944,0.90000000000000002,0.099999999999999936,15.446666666666667,3.7200000000000002,19.166666666666664,0.66666666666666619,0.19166666666666654,0.5916666666666669,0.89166666666666694,0.14808832614942521,0.31872908816036061,0.31872908816036055,0
"evaluation_009","evaluation","reliable","compiled_matched",1,0.90000000000000002,0.099999999999999978,15.446666666666665,3.7200000000000002,19.166666666666668,0,0.19166666666666668,0.19166666666666668,0.49166666666666664,0.18799999999999994,0.486026764634858,0.48602676463485794,0
"evaluation_009","evaluation","reliable","oracle",1,1,0,16.666666666666664,4,20.666666666666668,0,0.20666666666666667,0.20666666666666667,0.20666666666666667,0,0,0,0
"evaluation_009","evaluation","reliable","frozen_motor_keys",1,0.16666666666666666,0.83333333333333337,6.5,1.6666666666666667,8.1666666666666643,0,0.081666666666666679,0.081666666666666679,2.5816666666666666,0.18799999999999994,0.486026764634858,0.48602676463485794,0
"evaluation_009","evaluation","reliable","frozen_motor_attention",1,0,1,4,1.3333333333333333,5.333333333333333,0,0.053333333333333337,0.053333333333333337,3.0533333333333332,0.18799999999999994,0.486026764634858,0.48602676463485794,0
"evaluation_009","evaluation","reliable","reset_memory",1,0,1,3.6666666666666665,1.9200000000000002,5.586666666666666,0,0.055866666666666669,0.055866666666666669,3.0558666666666667,0.18799999999999994,0.486026764634858,0.48602676463485794,0
"evaluation_010","evaluation","ambiguous","active",1.0000000000000007,0.84999999999999998,0.15000000000000005,13.446666666666671,3.5800000000000005,17.026666666666667,1.0000000000000007,0.17026666666666668,0.77026666666666677,1.2202666666666671,0.26414761134025994,0.61728127047639925,0.6172812704763988,0
"evaluation_010","evaluation","ambiguous","no_epistemic",1.0000000000000007,0.84999999999999998,0.15000000000000005,13.446666666666671,3.5800000000000005,17.026666666666667,1.0000000000000007,0.17026666666666668,0.77026666666666677,1.2202666666666671,0.26414761134025994,0.61728127047639925,0.6172812704763988,0
"evaluation_010","evaluation","ambiguous","no_look",1,0.40000000000000008,0.59999999999999998,9.7866666666666671,2.3200000000000003,12.106666666666667,0,0.12106666666666667,0.12106666666666667,1.9210666666666667,0.7679999999999999,1.6386744144697165,1.638674414469717,0
"evaluation_010","evaluation","ambiguous","matched_random_look",0.99999999999999922,0.70000000000000018,0.3000000000000001,12.226666666666668,3.1600000000000006,15.386666666666658,0.66666666666666663,0.15386666666666665,0.55386666666666684,1.4538666666666664,0.43209840756017304,0.95774565180750459,0.95774565180750482,0
"evaluation_010","evaluation","ambiguous","compiled_matched",1.0000000000000007,0.84999999999999998,0.15000000000000005,13.446666666666671,3.5800000000000005,17.026666666666667,1.0000000000000007,0.17026666666666668,0.77026666666666677,1.2202666666666671,0.26414761134025994,0.61728127047639925,0.6172812704763988,0
"evaluation_010","evaluation","ambiguous","oracle",1,1,0,14.666666666666666,4,18.666666666666668,0,0.18666666666666668,0.18666666666666668,0.18666666666666668,0,0,0,0
"evaluation_010","evaluation","ambiguous","frozen_motor_keys",1.0000000000000007,0.16666666666666685,0.83333333333333359,5.6666666666666687,1.6666666666666679,7.3333333333333366,1.0000000000000007,0.073333333333333292,0.67333333333333345,3.1733333333333325,0.26414761134025994,0.61728127047639925,0.6172812704763988,0
"evaluation_010","evaluation","ambiguous","frozen_motor_attention",1.0000000000000007,0,1.0000000000000007,4.0000000000000027,1.3333333333333341,5.333333333333333,1.0000000000000007,0.053333333333333344,0.65333333333333365,3.6533333333333338,0.26414761134025994,0.61728127047639925,0.6172812704763988,0
"evaluation_010","evaluation","ambiguous","reset_memory",1.0000000000000007,0,1.0000000000000007,6.0000000000000027,1.8800000000000008,7.8799999999999981,1.0000000000000007,0.078800000000000009,0.67880000000000018,3.6788000000000012,0.26414761134025994,0.61728127047639925,0.6172812704763988,0
"evaluation_010","evaluation","intermediate","active",0.99999999999999967,0.84999999999999998,0.14999999999999997,13.446666666666671,3.5799999999999996,17.026666666666667,0.99999999999999967,0.17026666666666665,0.77026666666666677,1.2202666666666666,0.23247095853774544,0.4863622732412532,0.48636227324125336,0
"evaluation_010","evaluation","intermediate","no_epistemic",0.99999999999999989,0.65000000000000002,0.34999999999999992,11.82,3.0199999999999996,14.839999999999998,0,0.1484,0.1484,1.1983999999999999,0.55299999999999994,1.2107499083865674,1.2107499083865669,0
"evaluation_010","evaluation","intermediate","no_look",0.99999999999999989,0.65000000000000002,0.34999999999999992,11.82,3.0199999999999996,14.839999999999998,0,0.1484,0.1484,1.1983999999999999,0.55299999999999994,1.2107499083865674,1.2107499083865669,0
"evaluation_010","evaluation","intermediate","matched_random_look",0.99999999999999944,0.78333333333333321,0.21666666666666676,12.904444444444445,3.3933333333333322,16.297777777777778,0.66666666666666641,0.16297777777777769,0.56297777777777791,1.2129777777777777,0.33931397235849686,0.72782481828969103,0.72782481828969059,0
"evaluation_010","evaluation","intermediate","compiled_matched",0.99999999999999967,0.84999999999999998,0.14999999999999997,13.446666666666671,3.5799999999999996,17.026666666666667,0.99999999999999967,0.17026666666666665,0.77026666666666677,1.2202666666666666,0.23247095853774544,0.4863622732412532,0.48636227324125336,0
"evaluation_010","evaluation","intermediate","oracle",0.99999999999999989,0.99999999999999989,0,14.666666666666666,3.9999999999999996,18.666666666666668,0,0.18666666666666668,0.18666666666666668,0.18666666666666668,0,0,0,0
"evaluation_010","evaluation","intermediate","frozen_motor_keys",0.99999999999999967,0.1666666666666666,0.83333333333333315,5.6666666666666652,1.6666666666666661,7.333333333333333,0.99999999999999967,0.073333333333333348,0.67333333333333323,3.1733333333333333,0.23247095853774544,0.4863622732412532,0.48636227324125336,0
"evaluation_010","evaluation","intermediate","frozen_motor_attention",0.99999999999999967,0,0.99999999999999967,3.9999999999999987,1.333333333333333,5.3333333333333357,0.99999999999999967,0.053333333333333337,0.6533333333333331,3.6533333333333329,0.23247095853774544,0.4863622732412532,0.48636227324125336,0
"evaluation_010","evaluation","intermediate","reset_memory",0.99999999999999967,0,0.99999999999999967,5.9999999999999991,1.8799999999999997,7.8800000000000034,0.99999999999999967,0.078799999999999995,0.67880000000000018,3.6787999999999994,0.23247095853774544,0.4863622732412532,0.48636227324125336,0
"evaluation_010","evaluation","reliable","active",1,0.90000000000000002,0.099999999999999978,13.853333333333332,3.7200000000000002,17.573333333333334,0,0.17573333333333338,0.17573333333333338,0.47573333333333329,0.18799999999999994,0.486026764634858,0.48602676463485794,0
"evaluation_010","evaluation","reliable","no_epistemic",1,0.90000000000000002,0.099999999999999978,13.853333333333332,3.7200000000000002,17.573333333333334,0,0.17573333333333338,0.17573333333333338,0.47573333333333329,0.18799999999999994,0.486026764634858,0.48602676463485794,0
"evaluation_010","evaluation","reliable","no_look",1,0.90000000000000002,0.099999999999999978,13.853333333333332,3.7200000000000002,17.573333333333334,0,0.17573333333333338,0.17573333333333338,0.47573333333333329,0.18799999999999994,0.486026764634858,0.48602676463485794,0
"evaluation_010","evaluation","reliable","matched_random_look",0.99999999999999944,0.90000000000000002,0.099999999999999936,13.85333333333333,3.7200000000000002,17.573333333333327,0.66666666666666619,0.17573333333333338,0.57573333333333399,0.8757333333333337,0.14808832614942521,0.31872908816036061,0.31872908816036055,0
"evaluation_010","evaluation","reliable","compiled_matched",1,0.90000000000000002,0.099999999999999978,13.853333333333332,3.7200000000000002,17.573333333333334,0,0.17573333333333338,0.17573333333333338,0.47573333333333329,0.18799999999999994,0.486026764634858,0.48602676463485794,0
"evaluation_010","evaluation","reliable","oracle",1,1,0,14.666666666666666,4,18.666666666666668,0,0.18666666666666668,0.18666666666666668,0.18666666666666668,0,0,0,0
"evaluation_010","evaluation","reliable","frozen_motor_keys",1,0.16666666666666666,0.83333333333333337,5.666666666666667,1.6666666666666667,7.333333333333333,0,0.073333333333333348,0.073333333333333348,2.5733333333333333,0.18799999999999994,0.486026764634858,0.48602676463485794,0
"evaluation_010","evaluation","reliable","frozen_motor_attention",1,0,1,4,1.3333333333333333,5.333333333333333,0,0.053333333333333337,0.053333333333333337,3.0533333333333332,0.18799999999999994,0.486026764634858,0.48602676463485794,0
"evaluation_010","evaluation","reliable","reset_memory",1,0,1,6,1.9200000000000002,7.919999999999999,0,0.079200000000000007,0.079200000000000007,3.0791999999999997,0.18799999999999994,0.486026764634858,0.48602676463485794,0
"evaluation_011","evaluation","ambiguous","active",1.0000000000000007,0.84999999999999998,0.15000000000000005,12.833333333333334,3.5800000000000005,16.413333333333334,1.0000000000000007,0.16413333333333333,0.76413333333333344,1.2141333333333335,0.26414761134025994,0.61728127047639925,0.6172812704763988,0
"evaluation_011","evaluation","ambiguous","no_epistemic",1.0000000000000007,0.84999999999999998,0.15000000000000005,12.833333333333334,3.5800000000000005,16.413333333333334,1.0000000000000007,0.16413333333333333,0.76413333333333344,1.2141333333333335,0.26414761134025994,0.61728127047639925,0.6172812704763988,0
"evaluation_011","evaluation","ambiguous","no_look",1,0.40000000000000008,0.59999999999999998,8.3333333333333339,2.3200000000000003,10.653333333333334,0,0.10653333333333335,0.10653333333333335,1.906533333333333,0.7679999999999999,1.6386744144697165,1.638674414469717,0
"evaluation_011","evaluation","ambiguous","matched_random_look",0.99999999999999922,0.70000000000000018,0.3000000000000001,11.333333333333334,3.1600000000000006,14.493333333333331,0.66666666666666663,0.14493333333333333,0.54493333333333349,1.4449333333333332,0.43209840756017304,0.95774565180750459,0.95774565180750482,0
"evaluation_011","evaluation","ambiguous","compiled_matched",1.0000000000000007,0.84999999999999998,0.15000000000000005,12.833333333333334,3.5800000000000005,16.413333333333334,1.0000000000000007,0.16413333333333333,0.76413333333333344,1.2141333333333335,0.26414761134025994,0.61728127047639925,0.6172812704763988,0
"evaluation_011","evaluation","ambiguous","oracle",1,1,0,14.333333333333334,4,18.333333333333332,0,0.18333333333333335,0.18333333333333335,0.18333333333333335,0,0,0,0
"evaluation_011","evaluation","ambiguous","frozen_motor_keys",1.0000000000000007,0.16666666666666685,0.83333333333333359,2.8333333333333353,1.6666666666666679,4.4999999999999991,1.0000000000000007,0.044999999999999984,0.64500000000000002,3.1449999999999996,0.26414761134025994,0.61728127047639925,0.6172812704763988,0
"evaluation_011","evaluation","ambiguous","frozen_motor_attention",1.0000000000000007,0,1.0000000000000007,1.0000000000000007,1.3333333333333341,2.3333333333333344,1.0000000000000007,0.023333333333333334,0.62333333333333352,3.6233333333333335,0.26414761134025994,0.61728127047639925,0.6172812704763988,0
"evaluation_011","evaluation","ambiguous","reset_memory",1.0000000000000007,0,1.0000000000000007,3.6666666666666674,1.8800000000000008,5.546666666666666,1.0000000000000007,0.055466666666666671,0.65546666666666675,3.6554666666666673,0.26414761134025994,0.61728127047639925,0.6172812704763988,0
"evaluation_011","evaluation","intermediate","active",0.99999999999999967,0.84999999999999998,0.14999999999999997,12.833333333333337,3.5799999999999996,16.413333333333338,0.99999999999999967,0.1641333333333333,0.76413333333333344,1.2141333333333331,0.23247095853774544,0.4863622732412532,0.48636227324125336,0
"evaluation_011","evaluation","intermediate","no_epistemic",0.99999999999999989,0.65000000000000002,0.34999999999999992,10.833333333333334,3.0199999999999996,13.853333333333333,0,0.13853333333333334,0.13853333333333334,1.1885333333333332,0.55299999999999994,1.2107499083865674,1.2107499083865669,0
"evaluation_011","evaluation","intermediate","no_look",0.99999999999999989,0.65000000000000002,0.34999999999999992,10.833333333333334,3.0199999999999996,13.853333333333333,0,0.13853333333333334,0.13853333333333334,1.1885333333333332,0.55299999999999994,1.2107499083865674,1.2107499083865669,0
"evaluation_011","evaluation","intermediate","matched_random_look",0.99999999999999944,0.78333333333333321,0.21666666666666676,12.166666666666666,3.3933333333333322,15.560000000000002,0.66666666666666641,0.15559999999999996,0.55560000000000009,1.2056,0.33931397235849686,0.72782481828969103,0.72782481828969059,0
"evaluation_011","evaluation","intermediate","compiled_matched",0.99999999999999967,0.84999999999999998,0.14999999999999997,12.833333333333337,3.5799999999999996,16.413333333333338,0.99999999999999967,0.1641333333333333,0.76413333333333344,1.2141333333333331,0.23247095853774544,0.4863622732412532,0.48636227324125336,0
"evaluation_011","evaluation","intermediate","oracle",0.99999999999999989,0.99999999999999989,0,14.333333333333334,3.9999999999999996,18.333333333333332,0,0.18333333333333335,0.18333333333333335,0.18333333333333335,0,0,0,0
"evaluation_011","evaluation","intermediate","frozen_motor_keys",0.99999999999999967,0.1666666666666666,0.83333333333333315,2.8333333333333353,1.6666666666666661,4.5000000000000018,0.99999999999999967,0.044999999999999978,0.64500000000000002,3.1449999999999996,0.23247095853774544,0.4863622732412532,0.48636227324125336,0
"evaluation_011","evaluation","intermediate","frozen_motor_attention",0.99999999999999967,0,0.99999999999999967,0.99999999999999967,1.333333333333333,2.333333333333333,0.99999999999999967,0.023333333333333334,0.62333333333333318,3.6233333333333335,0.23247095853774544,0.4863622732412532,0.48636227324125336,0
"evaluation_011","evaluation","intermediate","reset_memory",0.99999999999999967,0,0.99999999999999967,3.6666666666666661,1.8799999999999997,5.5466666666666669,0.99999999999999967,0.055466666666666671,0.65546666666666675,3.6554666666666655,0.23247095853774544,0.4863622732412532,0.48636227324125336,0
"evaluation_011","evaluation","reliable","active",1,0.90000000000000002,0.099999999999999978,13.333333333333334,3.7200000000000002,17.053333333333335,0,0.17053333333333334,0.17053333333333334,0.4705333333333333,0.18799999999999994,0.486026764634858,0.48602676463485794,0
"evaluation_011","evaluation","reliable","no_epistemic",1,0.90000000000000002,0.099999999999999978,13.333333333333334,3.7200000000000002,17.053333333333335,0,0.17053333333333334,0.17053333333333334,0.4705333333333333,0.18799999999999994,0.486026764634858,0.48602676463485794,0
"evaluation_011","evaluation","reliable","no_look",1,0.90000000000000002,0.099999999999999978,13.333333333333334,3.7200000000000002,17.053333333333335,0,0.17053333333333334,0.17053333333333334,0.4705333333333333,0.18799999999999994,0.486026764634858,0.48602676463485794,0
"evaluation_011","evaluation","reliable","matched_random_look",0.99999999999999944,0.90000000000000002,0.099999999999999936,13.333333333333329,3.7200000000000002,17.053333333333338,0.66666666666666619,0.1705333333333334,0.57053333333333378,0.87053333333333371,0.14808832614942521,0.31872908816036061,0.31872908816036055,0
"evaluation_011","evaluation","reliable","compiled_matched",1,0.90000000000000002,0.099999999999999978,13.333333333333334,3.7200000000000002,17.053333333333335,0,0.17053333333333334,0.17053333333333334,0.4705333333333333,0.18799999999999994,0.486026764634858,0.48602676463485794,0
"evaluation_011","evaluation","reliable","oracle",1,1,0,14.333333333333334,4,18.333333333333336,0,0.18333333333333335,0.18333333333333335,0.18333333333333335,0,0,0,0
"evaluation_011","evaluation","reliable","frozen_motor_keys",1,0.16666666666666666,0.83333333333333337,2.8333333333333335,1.6666666666666667,4.5,0,0.045000000000000005,0.045000000000000005,2.5449999999999999,0.18799999999999994,0.486026764634858,0.48602676463485794,0
"evaluation_011","evaluation","reliable","frozen_motor_attention",1,0,1,1,1.3333333333333333,2.3333333333333335,0,0.023333333333333334,0.023333333333333334,3.0233333333333334,0.18799999999999994,0.486026764634858,0.48602676463485794,0
"evaluation_011","evaluation","reliable","reset_memory",1,0,1,3.6666666666666665,1.9200000000000002,5.5866666666666669,0,0.055866666666666669,0.055866666666666669,3.0558666666666667,0.18799999999999994,0.486026764634858,0.48602676463485794,0
"evaluation_012","evaluation","ambiguous","active",1.0000000000000007,0.84999999999999998,0.15000000000000005,20.066666666666666,3.5800000000000005,23.646666666666658,1.0000000000000007,0.23646666666666669,0.83646666666666658,1.2864666666666666,0.26414761134025994,0.61728127047639925,0.6172812704763988,0
"evaluation_012","evaluation","ambiguous","no_epistemic",1.0000000000000007,0.84999999999999998,0.15000000000000005,20.066666666666666,3.5800000000000005,23.646666666666658,1.0000000000000007,0.23646666666666669,0.83646666666666658,1.2864666666666666,0.26414761134025994,0.61728127047639925,0.6172812704763988,0
"evaluation_012","evaluation","ambiguous","no_look",1,0.40000000000000008,0.59999999999999998,12.266666666666666,2.3200000000000003,14.586666666666668,0,0.14586666666666667,0.14586666666666667,1.9458666666666666,0.7679999999999999,1.6386744144697165,1.638674414469717,0
"evaluation_012","evaluation","ambiguous","matched_random_look",0.99999999999999922,0.70000000000000018,0.3000000000000001,17.466666666666665,3.1600000000000006,20.626666666666662,0.66666666666666663,0.20626666666666674,0.60626666666666673,1.5062666666666666,0.43209840756017304,0.95774565180750459,0.95774565180750482,0
"evaluation_012","evaluation","ambiguous","compiled_matched",1.0000000000000007,0.84999999999999998,0.15000000000000005,20.066666666666666,3.5800000000000005,23.646666666666658,1.0000000000000007,0.23646666666666669,0.83646666666666658,1.2864666666666666,0.26414761134025994,0.61728127047639925,0.6172812704763988,0
"evaluation_012","evaluation","ambiguous","oracle",1,1,0,22.666666666666668,4,26.666666666666668,0,0.26666666666666666,0.26666666666666666,0.26666666666666666,0,0,0,0
"evaluation_012","evaluation","ambiguous","frozen_motor_keys",1.0000000000000007,0.16666666666666685,0.83333333333333359,8.8333333333333339,1.6666666666666679,10.499999999999998,1.0000000000000007,0.10500000000000004,0.70500000000000007,3.2049999999999996,0.26414761134025994,0.61728127047639925,0.6172812704763988,0
"evaluation_012","evaluation","ambiguous","frozen_motor_attention",1.0000000000000007,0,1.0000000000000007,4.0000000000000027,1.3333333333333341,5.333333333333333,1.0000000000000007,0.053333333333333344,0.65333333333333365,3.6533333333333338,0.26414761134025994,0.61728127047639925,0.6172812704763988,0
"evaluation_012","evaluation","ambiguous","reset_memory",1.0000000000000007,0,1.0000000000000007,4,1.8800000000000008,5.8800000000000017,1.0000000000000007,0.058800000000000012,0.65879999999999994,3.6587999999999998,0.26414761134025994,0.61728127047639925,0.6172812704763988,0
"evaluation_012","evaluation","intermediate","active",0.99999999999999967,0.84999999999999998,0.14999999999999997,20.066666666666666,3.5799999999999996,23.646666666666675,0.99999999999999967,0.23646666666666658,0.83646666666666658,1.2864666666666669,0.23247095853774544,0.4863622732412532,0.48636227324125336,0
"evaluation_012","evaluation","intermediate","no_epistemic",0.99999999999999989,0.65000000000000002,0.34999999999999992,16.600000000000001,3.0199999999999996,19.620000000000001,0,0.19620000000000001,0.19620000000000001,1.2462,0.55299999999999994,1.2107499083865674,1.2107499083865669,0
"evaluation_012","evaluation","intermediate","no_look",0.99999999999999989,0.65000000000000002,0.34999999999999992,16.600000000000001,3.0199999999999996,19.620000000000001,0,0.19620000000000001,0.19620000000000001,1.2462,0.55299999999999994,1.2107499083865674,1.2107499083865669,0
"evaluation_012","evaluation","intermediate","matched_random_look",0.99999999999999944,0.78333333333333321,0.21666666666666676,18.911111111111122,3.3933333333333322,22.30444444444446,0.66666666666666641,0.22304444444444446,0.62304444444444462,1.273044444444444,0.33931397235849686,0.72782481828969103,0.72782481828969059,0
"evaluation_012","evaluation","intermediate","compiled_matched",0.99999999999999967,0.84999999999999998,0.14999999999999997,20.066666666666666,3.5799999999999996,23.646666666666675,0.99999999999999967,0.23646666666666658,0.83646666666666658,1.2864666666666669,0.23247095853774544,0.4863622732412532,0.48636227324125336,0
"evaluation_012","evaluation","intermediate","oracle",0.99999999999999989,0.99999999999999989,0,22.666666666666668,3.9999999999999996,26.666666666666668,0,0.26666666666666666,0.26666666666666666,0.26666666666666666,0,0,0,0
"evaluation_012","evaluation","intermediate","frozen_motor_keys",0.99999999999999967,0.1666666666666666,0.83333333333333315,8.8333333333333339,1.6666666666666661,10.500000000000005,0.99999999999999967,0.10499999999999997,0.70499999999999952,3.2049999999999983,0.23247095853774544,0.4863622732412532,0.48636227324125336,0
"evaluation_012","evaluation","intermediate","frozen_motor_attention",0.99999999999999967,0,0.99999999999999967,3.9999999999999987,1.333333333333333,5.3333333333333357,0.99999999999999967,0.053333333333333337,0.6533333333333331,3.6533333333333329,0.23247095853774544,0.4863622732412532,0.48636227324125336,0
"evaluation_012","evaluation","intermediate","reset_memory",0.99999999999999967,0,0.99999999999999967,4.0000000000000009,1.8799999999999997,5.8800000000000017,0.99999999999999967,0.058799999999999998,0.65880000000000005,3.6587999999999994,0.23247095853774544,0.4863622732412532,0.48636227324125336,0
"evaluation_012","evaluation","reliable","active",1,0.90000000000000002,0.099999999999999978,20.933333333333334,3.7200000000000002,24.653333333333332,0,0.24653333333333335,0.24653333333333335,0.5465333333333332,0.18799999999999994,0.486026764634858,0.48602676463485794,0
"evaluation_012","evaluation","reliable","no_epistemic",1,0.90000000000000002,0.099999999999999978,20.933333333333334,3.7200000000000002,24.653333333333332,0,0.24653333333333335,0.24653333333333335,0.5465333333333332,0.18799999999999994,0.486026764634858,0.48602676463485794,0
"evaluation_012","evaluation","reliable","no_look",1,0.90000000000000002,0.099999999999999978,20.933333333333334,3.7200000000000002,24.653333333333332,0,0.24653333333333335,0.24653333333333335,0.5465333333333332,0.18799999999999994,0.486026764634858,0.48602676463485794,0
"evaluation_012","evaluation","reliable","matched_random_look",0.99999999999999944,0.90000000000000002,0.099999999999999936,20.933333333333334,3.7200000000000002,24.653333333333332,0.66666666666666619,0.24653333333333335,0.64653333333333363,0.94653333333333356,0.14808832614942521,0.31872908816036061,0.31872908816036055,0
"evaluation_012","evaluation","reliable","compiled_matched",1,0.90000000000000002,0.099999999999999978,20.933333333333334,3.7200000000000002,24.653333333333332,0,0.24653333333333335,0.24653333333333335,0.5465333333333332,0.18799999999999994,0.486026764634858,0.48602676463485794,0
"evaluation_012","evaluation","reliable","oracle",1,1,0,22.666666666666668,4,26.666666666666668,0,0.26666666666666666,0.26666666666666666,0.26666666666666666,0,0,0,0
"evaluation_012","evaluation","reliable","frozen_motor_keys",1,0.16666666666666666,0.83333333333333337,8.8333333333333339,1.6666666666666667,10.499999999999998,0,0.105,0.105,2.605,0.18799999999999994,0.486026764634858,0.48602676463485794,0
"evaluation_012","evaluation","reliable","frozen_motor_attention",1,0,1,4,1.3333333333333333,5.333333333333333,0,0.053333333333333337,0.053333333333333337,3.0533333333333332,0.18799999999999994,0.486026764634858,0.48602676463485794,0
"evaluation_012","evaluation","reliable","reset_memory",1,0,1,4,1.9200000000000002,5.9200000000000008,0,0.059200000000000003,0.059200000000000003,3.0592000000000001,0.18799999999999994,0.486026764634858,0.48602676463485794,0
"evaluation_013","evaluation","ambiguous","active",1.0000000000000007,0.84999999999999998,0.15000000000000005,13.763333333333335,3.5800000000000005,17.34333333333333,1.0000000000000007,0.17343333333333333,0.77343333333333353,1.2234333333333338,0.26414761134025994,0.61728127047639925,0.6172812704763988,0
"evaluation_013","evaluation","ambiguous","no_epistemic",1.0000000000000007,0.84999999999999998,0.15000000000000005,13.763333333333335,3.5800000000000005,17.34333333333333,1.0000000000000007,0.17343333333333333,0.77343333333333353,1.2234333333333338,0.26414761134025994,0.61728127047639925,0.6172812704763988,0
"evaluation_013","evaluation","ambiguous","no_look",1,0.40000000000000008,0.59999999999999998,9.0533333333333328,2.3200000000000003,11.373333333333335,0,0.11373333333333335,0.11373333333333335,1.9137333333333333,0.7679999999999999,1.6386744144697165,1.638674414469717,0
"evaluation_013","evaluation","ambiguous","matched_random_look",0.99999999999999922,0.70000000000000018,0.3000000000000001,12.193333333333333,3.1600000000000006,15.353333333333337,0.66666666666666663,0.15353333333333338,0.55353333333333332,1.4535333333333327,0.43209840756017304,0.95774565180750459,0.95774565180750482,0
"evaluation_013","evaluation","ambiguous","compiled_matched",1.0000000000000007,0.84999999999999998,0.15000000000000005,13.763333333333335,3.5800000000000005,17.34333333333333,1.0000000000000007,0.17343333333333333,0.77343333333333353,1.2234333333333338,0.26414761134025994,0.61728127047639925,0.6172812704763988,0
"evaluation_013","evaluation","ambiguous","oracle",1,1,0,15.333333333333334,4,19.333333333333332,0,0.19333333333333336,0.19333333333333336,0.19333333333333336,0,0,0,0
"evaluation_013","evaluation","ambiguous","frozen_motor_keys",1.0000000000000007,0.16666666666666685,0.83333333333333359,6.8333333333333321,1.6666666666666679,8.5000000000000036,1.0000000000000007,0.085000000000000034,0.68500000000000016,3.1850000000000009,0.26414761134025994,0.61728127047639925,0.6172812704763988,0
"evaluation_013","evaluation","ambiguous","frozen_motor_attention",1.0000000000000007,0,1.0000000000000007,4.9999999999999973,1.3333333333333341,6.3333333333333348,1.0000000000000007,0.063333333333333366,0.66333333333333344,3.6633333333333358,0.26414761134025994,0.61728127047639925,0.6172812704763988,0
"evaluation_013","evaluation","ambiguous","reset_memory",1.0000000000000007,0,1.0000000000000007,4.3333333333333313,1.8800000000000008,6.2133333333333356,1.0000000000000007,0.062133333333333346,0.66213333333333335,3.6621333333333332,0.26414761134025994,0.61728127047639925,0.6172812704763988,0
"evaluation_013","evaluation","intermediate","active",0.99999999999999967,0.84999999999999998,0.14999999999999997,13.763333333333335,3.5799999999999996,17.343333333333337,0.99999999999999967,0.17343333333333324,0.77343333333333331,1.2234333333333338,0.23247095853774544,0.4863622732412532,0.48636227324125336,0
"evaluation_013","evaluation","intermediate","no_epistemic",0.99999999999999989,0.65000000000000002,0.34999999999999992,11.67,3.0199999999999996,14.69,0,0.14690000000000003,0.14690000000000003,1.1968999999999999,0.55299999999999994,1.2107499083865674,1.2107499083865669,0
"evaluation_013","evaluation","intermediate","no_look",0.99999999999999989,0.65000000000000002,0.34999999999999992,11.67,3.0199999999999996,14.69,0,0.14690000000000003,0.14690000000000003,1.1968999999999999,0.55299999999999994,1.2107499083865674,1.2107499083865669,0
"evaluation_013","evaluation","intermediate","matched_random_look",0.99999999999999944,0.78333333333333321,0.21666666666666676,13.065555555555557,3.3933333333333322,16.45888888888889,0.66666666666666641,0.16458888888888892,0.56458888888888914,1.2145888888888887,0.33931397235849686,0.72782481828969103,0.72782481828969059,0
"evaluation_013","evaluation","intermediate","compiled_matched",0.99999999999999967,0.84999999999999998,0.14999999999999997,13.763333333333335,3.5799999999999996,17.343333333333337,0.99999999999999967,0.17343333333333324,0.77343333333333331,1.2234333333333338,0.23247095853774544,0.4863622732412532,0.48636227324125336,0
"evaluation_013","evaluation","intermediate","oracle",0.99999999999999989,0.99999999999999989,0,15.333333333333334,3.9999999999999996,19.333333333333332,0,0.19333333333333336,0.19333333333333336,0.19333333333333336,0,0,0,0
"evaluation_013","evaluation","intermediate","frozen_motor_keys",0.99999999999999967,0.1666666666666666,0.83333333333333315,6.8333333333333393,1.6666666666666661,8.5000000000000053,0.99999999999999967,0.084999999999999951,0.68500000000000016,3.1850000000000001,0.23247095853774544,0.4863622732412532,0.48636227324125336,0
"evaluation_013","evaluation","intermediate","frozen_motor_attention",0.99999999999999967,0,0.99999999999999967,5.0000000000000044,1.333333333333333,6.3333333333333357,0.99999999999999967,0.063333333333333325,0.66333333333333366,3.6633333333333327,0.23247095853774544,0.4863622732412532,0.48636227324125336,0
"evaluation_013","evaluation","intermediate","reset_memory",0.99999999999999967,0,0.99999999999999967,4.3333333333333357,1.8799999999999997,6.2133333333333338,0.99999999999999967,0.062133333333333346,0.66213333333333335,3.6621333333333332,0.23247095853774544,0.4863622732412532,0.48636227324125336,0
"evaluation_013","evaluation","reliable","active",1,0.90000000000000002,0.099999999999999978,14.286666666666667,3.7200000000000002,18.006666666666664,0,0.18006666666666671,0.18006666666666671,0.48006666666666664,0.18799999999999994,0.486026764634858,0.48602676463485794,0
"evaluation_013","evaluation","reliable","no_epistemic",1,0.90000000000000002,0.099999999999999978,14.286666666666667,3.7200000000000002,18.006666666666664,0,0.18006666666666671,0.18006666666666671,0.48006666666666664,0.18799999999999994,0.486026764634858,0.48602676463485794,0
"evaluation_013","evaluation","reliable","no_look",1,0.90000000000000002,0.099999999999999978,14.286666666666667,3.7200000000000002,18.006666666666664,0,0.18006666666666671,0.18006666666666671,0.48006666666666664,0.18799999999999994,0.486026764634858,0.48602676463485794,0
"evaluation_013","evaluation","reliable","matched_random_look",0.99999999999999944,0.90000000000000002,0.099999999999999936,14.286666666666676,3.7200000000000002,18.006666666666675,0.66666666666666619,0.1800666666666666,0.58006666666666717,0.880066666666667,0.14808832614942521,0.31872908816036061,0.31872908816036055,0
"evaluation_013","evaluation","reliable","compiled_matched",1,0.90000000000000002,0.099999999999999978,14.286666666666667,3.7200000000000002,18.006666666666664,0,0.18006666666666671,0.18006666666666671,0.48006666666666664,0.18799999999999994,0.486026764634858,0.48602676463485794,0
"evaluation_013","evaluation","reliable","oracle",1,1,0,15.333333333333334,4,19.333333333333332,0,0.19333333333333336,0.19333333333333336,0.19333333333333336,0,0,0,0
"evaluation_013","evaluation","reliable","frozen_motor_keys",1,0.16666666666666666,0.83333333333333337,6.8333333333333321,1.6666666666666667,8.5,0,0.085000000000000006,0.085000000000000006,2.5849999999999995,0.18799999999999994,0.486026764634858,0.48602676463485794,0
"evaluation_013","evaluation","reliable","frozen_motor_attention",1,0,1,4.9999999999999991,1.3333333333333333,6.333333333333333,0,0.063333333333333339,0.063333333333333339,3.063333333333333,0.18799999999999994,0.486026764634858,0.48602676463485794,0
"evaluation_013","evaluation","reliable","reset_memory",1,0,1,4.333333333333333,1.9200000000000002,6.253333333333333,0,0.062533333333333344,0.062533333333333344,3.0625333333333331,0.18799999999999994,0.486026764634858,0.48602676463485794,0
"evaluation_014","evaluation","ambiguous","active",1.0000000000000007,0.84999999999999998,0.15000000000000005,15.109999999999991,3.5800000000000005,18.690000000000001,1.0000000000000007,0.18689999999999998,0.78690000000000015,1.2369000000000003,0.26414761134025994,0.61728127047639925,0.6172812704763988,0
"evaluation_014","evaluation","ambiguous","no_epistemic",1.0000000000000007,0.84999999999999998,0.15000000000000005,15.109999999999991,3.5800000000000005,18.690000000000001,1.0000000000000007,0.18689999999999998,0.78690000000000015,1.2369000000000003,0.26414761134025994,0.61728127047639925,0.6172812704763988,0
"evaluation_014","evaluation","ambiguous","no_look",1,0.40000000000000008,0.59999999999999998,9.4400000000000013,2.3200000000000003,11.76,0,0.11760000000000002,0.11760000000000002,1.9176,0.7679999999999999,1.6386744144697165,1.638674414469717,0
"evaluation_014","evaluation","ambiguous","matched_random_look",0.99999999999999922,0.70000000000000018,0.3000000000000001,13.219999999999999,3.1600000000000006,16.379999999999995,0.66666666666666663,0.1638,0.56380000000000019,1.4638,0.43209840756017304,0.95774565180750459,0.95774565180750482,0
"evaluation_014","evaluation","ambiguous","compiled_matched",1.0000000000000007,0.84999999999999998,0.15000000000000005,15.109999999999991,3.5800000000000005,18.690000000000001,1.0000000000000007,0.18689999999999998,0.78690000000000015,1.2369000000000003,0.26414761134025994,0.61728127047639925,0.6172812704763988,0
"evaluation_014","evaluation","ambiguous","oracle",1,1,0,17,4,21,0,0.21000000000000005,0.21000000000000005,0.21000000000000005,0,0,0,0
"evaluation_014","evaluation","ambiguous","frozen_motor_keys",1.0000000000000007,0.16666666666666685,0.83333333333333359,5.1666666666666652,1.6666666666666679,6.8333333333333357,1.0000000000000007,0.068333333333333343,0.66833333333333356,3.1683333333333334,0.26414761134025994,0.61728127047639925,0.6172812704763988,0
"evaluation_014","evaluation","ambiguous","frozen_motor_attention",1.0000000000000007,0,1.0000000000000007,2.0000000000000013,1.3333333333333341,3.3333333333333353,1.0000000000000007,0.033333333333333326,0.6333333333333333,3.6333333333333324,0.26414761134025994,0.61728127047639925,0.6172812704763988,0
"evaluation_014","evaluation","ambiguous","reset_memory",1.0000000000000007,0,1.0000000000000007,3.3333333333333344,1.8800000000000008,5.2133333333333338,1.0000000000000007,0.05213333333333333,0.65213333333333334,3.6521333333333348,0.26414761134025994,0.61728127047639925,0.6172812704763988,0
"evaluation_014","evaluation","intermediate","active",0.99999999999999967,0.84999999999999998,0.14999999999999997,15.110000000000008,3.5799999999999996,18.690000000000001,0.99999999999999967,0.18690000000000009,0.78689999999999982,1.2368999999999992,0.23247095853774544,0.4863622732412532,0.48636227324125336,0
"evaluation_014","evaluation","intermediate","no_epistemic",0.99999999999999989,0.65000000000000002,0.34999999999999992,12.590000000000002,3.0199999999999996,15.610000000000001,0,0.15609999999999999,0.15609999999999999,1.2060999999999999,0.55299999999999994,1.2107499083865674,1.2107499083865669,0
"evaluation_014","evaluation","intermediate","no_look",0.99999999999999989,0.65000000000000002,0.34999999999999992,12.590000000000002,3.0199999999999996,15.610000000000001,0,0.15609999999999999,0.15609999999999999,1.2060999999999999,0.55299999999999994,1.2107499083865674,1.2107499083865669,0
"evaluation_014","evaluation","intermediate","matched_random_look",0.99999999999999944,0.78333333333333321,0.21666666666666676,14.270000000000003,3.3933333333333322,17.663333333333338,0.66666666666666641,0.17663333333333323,0.57663333333333355,1.2266333333333337,0.33931397235849686,0.72782481828969103,0.72782481828969059,0
"evaluation_014","evaluation","intermediate","compiled_matched",0.99999999999999967,0.84999999999999998,0.14999999999999997,15.110000000000008,3.5799999999999996,18.690000000000001,0.99999999999999967,0.18690000000000009,0.78689999999999982,1.2368999999999992,0.23247095853774544,0.4863622732412532,0.48636227324125336,0
"evaluation_014","evaluation","intermediate","oracle",0.99999999999999989,0.99999999999999989,0,17,3.9999999999999996,21,0,0.20999999999999999,0.20999999999999999,0.20999999999999999,0,0,0,0
"evaluation_014","evaluation","intermediate","frozen_motor_keys",0.99999999999999967,0.1666666666666666,0.83333333333333315,5.166666666666667,1.6666666666666661,6.833333333333333,0.99999999999999967,0.068333333333333329,0.66833333333333289,3.1683333333333343,0.23247095853774544,0.4863622732412532,0.48636227324125336,0
"evaluation_014","evaluation","intermediate","frozen_motor_attention",0.99999999999999967,0,0.99999999999999967,1.9999999999999993,1.333333333333333,3.3333333333333326,0.99999999999999967,0.033333333333333333,0.63333333333333319,3.6333333333333342,0.23247095853774544,0.4863622732412532,0.48636227324125336,0
"evaluation_014","evaluation","intermediate","reset_memory",0.99999999999999967,0,0.99999999999999967,3.3333333333333321,1.8799999999999997,5.2133333333333329,0.99999999999999967,0.052133333333333344,0.65213333333333334,3.6521333333333339,0.23247095853774544,0.4863622732412532,0.48636227324125336,0
"evaluation_014","evaluation","reliable","active",1,0.90000000000000002,0.099999999999999978,15.74,3.7200000000000002,19.460000000000001,0,0.19460000000000002,0.19460000000000002,0.49459999999999998,0.18799999999999994,0.486026764634858,0.48602676463485794,0
"evaluation_014","evaluation","reliable","no_epistemic",1,0.90000000000000002,0.099999999999999978,15.74,3.7200000000000002,19.460000000000001,0,0.19460000000000002,0.19460000000000002,0.49459999999999998,0.18799999999999994,0.486026764634858,0.48602676463485794,0
"evaluation_014","evaluation","reliable","no_look",1,0.90000000000000002,0.099999999999999978,15.74,3.7200000000000002,19.460000000000001,0,0.19460000000000002,0.19460000000000002,0.49459999999999998,0.18799999999999994,0.486026764634858,0.48602676463485794,0
"evaluation_014","evaluation","reliable","matched_random_look",0.99999999999999944,0.90000000000000002,0.099999999999999936,15.740000000000002,3.7200000000000002,19.460000000000004,0.66666666666666619,0.19460000000000008,0.59460000000000035,0.89460000000000017,0.14808832614942521,0.31872908816036061,0.31872908816036055,0
"evaluation_014","evaluation","reliable","compiled_matched",1,0.90000000000000002,0.099999999999999978,15.74,3.7200000000000002,19.460000000000001,0,0.19460000000000002,0.19460000000000002,0.49459999999999998,0.18799999999999994,0.486026764634858,0.48602676463485794,0
"evaluation_014","evaluation","reliable","oracle",1,1,0,17,4,21.000000000000004,0,0.20999999999999999,0.20999999999999999,0.20999999999999999,0,0,0,0
"evaluation_014","evaluation","reliable","frozen_motor_keys",1,0.16666666666666666,0.83333333333333337,5.166666666666667,1.6666666666666667,6.8333333333333348,0,0.068333333333333343,0.068333333333333343,2.5683333333333329,0.18799999999999994,0.486026764634858,0.48602676463485794,0
"evaluation_014","evaluation","reliable","frozen_motor_attention",1,0,1,2,1.3333333333333333,3.3333333333333335,0,0.033333333333333333,0.033333333333333333,3.0333333333333332,0.18799999999999994,0.486026764634858,0.48602676463485794,0
"evaluation_014","evaluation","reliable","reset_memory",1,0,1,3.3333333333333335,1.9200000000000002,5.253333333333333,0,0.052533333333333342,0.052533333333333342,3.0525333333333333,0.18799999999999994,0.486026764634858,0.48602676463485794,0
"evaluation_015","evaluation","ambiguous","active",1.0000000000000007,0.84999999999999998,0.15000000000000005,20.683333333333337,3.5800000000000005,24.263333333333325,1.0000000000000007,0.24263333333333328,0.84263333333333357,1.2926333333333335,0.26414761134025994,0.61728127047639925,0.6172812704763988,0
"evaluation_015","evaluation","ambiguous","no_epistemic",1.0000000000000007,0.84999999999999998,0.15000000000000005,20.683333333333337,3.5800000000000005,24.263333333333325,1.0000000000000007,0.24263333333333328,0.84263333333333357,1.2926333333333335,0.26414761134025994,0.61728127047639925,0.6172812704763988,0
"evaluation_015","evaluation","ambiguous","no_look",1,0.40000000000000008,0.59999999999999998,12.733333333333333,2.3200000000000003,15.053333333333335,0,0.15053333333333335,0.15053333333333335,1.9505333333333332,0.7679999999999999,1.6386744144697165,1.638674414469717,0
"evaluation_015","evaluation","ambiguous","matched_random_look",0.99999999999999922,0.70000000000000018,0.3000000000000001,18.033333333333331,3.1600000000000006,21.193333333333324,0.66666666666666663,0.21193333333333339,0.61193333333333333,1.5119333333333327,0.43209840756017304,0.95774565180750459,0.95774565180750482,0
"evaluation_015","evaluation","ambiguous","compiled_matched",1.0000000000000007,0.84999999999999998,0.15000000000000005,20.683333333333337,3.5800000000000005,24.263333333333325,1.0000000000000007,0.24263333333333328,0.84263333333333357,1.2926333333333335,0.26414761134025994,0.61728127047639925,0.6172812704763988,0
"evaluation_015","evaluation","ambiguous","oracle",1,1,0,23.333333333333332,4,27.333333333333332,0,0.27333333333333332,0.27333333333333332,0.27333333333333332,0,0,0,0
"evaluation_015","evaluation","ambiguous","frozen_motor_keys",1.0000000000000007,0.16666666666666685,0.83333333333333359,8.8333333333333268,1.6666666666666679,10.500000000000004,1.0000000000000007,0.10500000000000005,0.7050000000000004,3.2050000000000005,0.26414761134025994,0.61728127047639925,0.6172812704763988,0
"evaluation_015","evaluation","ambiguous","frozen_motor_attention",1.0000000000000007,0,1.0000000000000007,4.9999999999999973,1.3333333333333341,6.3333333333333348,1.0000000000000007,0.063333333333333366,0.66333333333333344,3.6633333333333358,0.26414761134025994,0.61728127047639925,0.6172812704763988,0
"evaluation_015","evaluation","ambiguous","reset_memory",1.0000000000000007,0,1.0000000000000007,4.3333333333333313,1.8800000000000008,6.2133333333333356,1.0000000000000007,0.062133333333333346,0.66213333333333335,3.6621333333333332,0.26414761134025994,0.61728127047639925,0.6172812704763988,0
"evaluation_015","evaluation","intermediate","active",0.99999999999999967,0.84999999999999998,0.14999999999999997,20.683333333333337,3.5799999999999996,24.263333333333335,0.99999999999999967,0.24263333333333326,0.84263333333333346,1.2926333333333337,0.23247095853774544,0.4863622732412532,0.48636227324125336,0
"evaluation_015","evaluation","intermediate","no_epistemic",0.99999999999999989,0.65000000000000002,0.34999999999999992,17.150000000000002,3.0199999999999996,20.170000000000002,0,0.20170000000000002,0.20170000000000002,1.2516999999999998,0.55299999999999994,1.2107499083865674,1.2107499083865669,0
"evaluation_015","evaluation","intermediate","no_look",0.99999999999999989,0.65000000000000002,0.34999999999999992,17.150000000000002,3.0199999999999996,20.170000000000002,0,0.20170000000000002,0.20170000000000002,1.2516999999999998,0.55299999999999994,1.2107499083865674,1.2107499083865669,0
"evaluation_015","evaluation","intermediate","matched_random_look",0.99999999999999944,0.78333333333333321,0.21666666666666676,19.505555555555567,3.3933333333333322,22.898888888888905,0.66666666666666641,0.22898888888888891,0.62898888888888915,1.2789888888888885,0.33931397235849686,0.72782481828969103,0.72782481828969059,0
"evaluation_015","evaluation","intermediate","compiled_matched",0.99999999999999967,0.84999999999999998,0.14999999999999997,20.683333333333337,3.5799999999999996,24.263333333333335,0.99999999999999967,0.24263333333333326,0.84263333333333346,1.2926333333333337,0.23247095853774544,0.4863622732412532,0.48636227324125336,0
"evaluation_015","evaluation","intermediate","oracle",0.99999999999999989,0.99999999999999989,0,23.333333333333332,3.9999999999999996,27.333333333333332,0,0.27333333333333337,0.27333333333333337,0.27333333333333337,0,0,0,0
"evaluation_015","evaluation","intermediate","frozen_motor_keys",0.99999999999999967,0.1666666666666666,0.83333333333333315,8.833333333333341,1.6666666666666661,10.499999999999998,0.99999999999999967,0.105,0.70499999999999996,3.2049999999999996,0.23247095853774544,0.4863622732412532,0.48636227324125336,0
"evaluation_015","evaluation","intermediate","frozen_motor_attention",0.99999999999999967,0,0.99999999999999967,5.0000000000000044,1.333333333333333,6.3333333333333357,0.99999999999999967,0.063333333333333325,0.66333333333333366,3.6633333333333327,0.23247095853774544,0.4863622732412532,0.48636227324125336,0
"evaluation_015","evaluation","intermediate","reset_memory",0.99999999999999967,0,0.99999999999999967,4.3333333333333357,1.8799999999999997,6.2133333333333338,0.99999999999999967,0.062133333333333346,0.66213333333333335,3.6621333333333332,0.23247095853774544,0.4863622732412532,0.48636227324125336,0
"evaluation_015","evaluation","reliable","active",1,0.90000000000000002,0.099999999999999978,21.566666666666666,3.7200000000000002,25.286666666666665,0,0.25286666666666668,0.25286666666666668,0.55286666666666662,0.18799999999999994,0.486026764634858,0.48602676463485794,0
"evaluation_015","evaluation","reliable","no_epistemic",1,0.90000000000000002,0.099999999999999978,21.566666666666666,3.7200000000000002,25.286666666666665,0,0.25286666666666668,0.25286666666666668,0.55286666666666662,0.18799999999999994,0.486026764634858,0.48602676463485794,0
"evaluation_015","evaluation","reliable","no_look",1,0.90000000000000002,0.099999999999999978,21.566666666666666,3.7200000000000002,25.286666666666665,0,0.25286666666666668,0.25286666666666668,0.55286666666666662,0.18799999999999994,0.486026764634858,0.48602676463485794,0
"evaluation_015","evaluation","reliable","matched_random_look",0.99999999999999944,0.90000000000000002,0.099999999999999936,21.566666666666666,3.7200000000000002,25.286666666666672,0.66666666666666619,0.25286666666666663,0.65286666666666726,0.95286666666666697,0.14808832614942521,0.31872908816036061,0.31872908816036055,0
"evaluation_015","evaluation","reliable","compiled_matched",1,0.90000000000000002,0.099999999999999978,21.566666666666666,3.7200000000000002,25.286666666666665,0,0.25286666666666668,0.25286666666666668,0.55286666666666662,0.18799999999999994,0.486026764634858,0.48602676463485794,0
"evaluation_015","evaluation","reliable","oracle",1,1,0,23.333333333333332,4,27.333333333333332,0,0.27333333333333337,0.27333333333333337,0.27333333333333337,0,0,0,0
"evaluation_015","evaluation","reliable","frozen_motor_keys",1,0.16666666666666666,0.83333333333333337,8.8333333333333321,1.6666666666666667,10.500000000000002,0,0.10500000000000002,0.10500000000000002,2.605,0.18799999999999994,0.486026764634858,0.48602676463485794,0
"evaluation_015","evaluation","reliable","frozen_motor_attention",1,0,1,4.9999999999999991,1.3333333333333333,6.333333333333333,0,0.063333333333333339,0.063333333333333339,3.063333333333333,0.18799999999999994,0.486026764634858,0.48602676463485794,0
"evaluation_015","evaluation","reliable","reset_memory",1,0,1,4.333333333333333,1.9200000000000002,6.253333333333333,0,0.062533333333333344,0.062533333333333344,3.0625333333333331,0.18799999999999994,0.486026764634858,0.48602676463485794,0
"evaluation_016","evaluation","ambiguous","active",1.0000000000000007,0.84999999999999998,0.15000000000000005,14.05666666666667,3.5800000000000005,17.63666666666666,1.0000000000000007,0.17636666666666659,0.77636666666666698,1.226366666666667,0.26414761134025994,0.61728127047639925,0.6172812704763988,0
"evaluation_016","evaluation","ambiguous","no_epistemic",1.0000000000000007,0.84999999999999998,0.15000000000000005,14.05666666666667,3.5800000000000005,17.63666666666666,1.0000000000000007,0.17636666666666659,0.77636666666666698,1.226366666666667,0.26414761134025994,0.61728127047639925,0.6172812704763988,0
"evaluation_016","evaluation","ambiguous","no_look",1,0.40000000000000008,0.59999999999999998,9.2266666666666666,2.3200000000000003,11.546666666666669,0,0.11546666666666668,0.11546666666666668,1.9154666666666664,0.7679999999999999,1.6386744144697165,1.638674414469717,0
"evaluation_016","evaluation","ambiguous","matched_random_look",0.99999999999999922,0.70000000000000018,0.3000000000000001,12.446666666666665,3.1600000000000006,15.606666666666667,0.66666666666666663,0.15606666666666671,0.55606666666666671,1.456066666666666,0.43209840756017304,0.95774565180750459,0.95774565180750482,0
"evaluation_016","evaluation","ambiguous","compiled_matched",1.0000000000000007,0.84999999999999998,0.15000000000000005,14.05666666666667,3.5800000000000005,17.63666666666666,1.0000000000000007,0.17636666666666659,0.77636666666666698,1.226366666666667,0.26414761134025994,0.61728127047639925,0.6172812704763988,0
"evaluation_016","evaluation","ambiguous","oracle",1,1,0,15.666666666666666,4,19.666666666666668,0,0.19666666666666668,0.19666666666666668,0.19666666666666668,0,0,0,0
"evaluation_016","evaluation","ambiguous","frozen_motor_keys",1.0000000000000007,0.16666666666666685,0.83333333333333359,5.0000000000000009,1.6666666666666679,6.6666666666666687,1.0000000000000007,0.066666666666666666,0.66666666666666685,3.1666666666666674,0.26414761134025994,0.61728127047639925,0.6172812704763988,0
"evaluation_016","evaluation","ambiguous","frozen_motor_attention",1.0000000000000007,0,1.0000000000000007,2.0000000000000013,1.3333333333333341,3.3333333333333353,1.0000000000000007,0.033333333333333326,0.6333333333333333,3.6333333333333324,0.26414761134025994,0.61728127047639925,0.6172812704763988,0
"evaluation_016","evaluation","ambiguous","reset_memory",1.0000000000000007,0,1.0000000000000007,3.9999999999999996,1.8800000000000008,5.8799999999999999,1.0000000000000007,0.058799999999999998,0.65880000000000016,3.6588000000000007,0.26414761134025994,0.61728127047639925,0.6172812704763988,0
"evaluation_016","evaluation","intermediate","active",0.99999999999999967,0.84999999999999998,0.14999999999999997,14.05666666666667,3.5799999999999996,17.63666666666667,0.99999999999999967,0.17636666666666664,0.77636666666666654,1.226366666666667,0.23247095853774544,0.4863622732412532,0.48636227324125336,0
"evaluation_016","evaluation","intermediate","no_epistemic",0.99999999999999989,0.65000000000000002,0.34999999999999992,11.909999999999998,3.0199999999999996,14.93,0,0.14930000000000002,0.14930000000000002,1.1992999999999998,0.55299999999999994,1.2107499083865674,1.2107499083865669,0
"evaluation_016","evaluation","intermediate","no_look",0.99999999999999989,0.65000000000000002,0.34999999999999992,11.909999999999998,3.0199999999999996,14.93,0,0.14930000000000002,0.14930000000000002,1.1992999999999998,0.55299999999999994,1.2107499083865674,1.2107499083865669,0
"evaluation_016","evaluation","intermediate","matched_random_look",0.99999999999999944,0.78333333333333321,0.21666666666666676,13.341111111111111,3.3933333333333322,16.734444444444453,0.66666666666666641,0.16734444444444443,0.56734444444444476,1.2173444444444441,0.33931397235849686,0.72782481828969103,0.72782481828969059,0
"evaluation_016","evaluation","intermediate","compiled_matched",0.99999999999999967,0.84999999999999998,0.14999999999999997,14.05666666666667,3.5799999999999996,17.63666666666667,0.99999999999999967,0.17636666666666664,0.77636666666666654,1.226366666666667,0.23247095853774544,0.4863622732412532,0.48636227324125336,0
"evaluation_016","evaluation","intermediate","oracle",0.99999999999999989,0.99999999999999989,0,15.666666666666666,3.9999999999999996,19.666666666666664,0,0.19666666666666668,0.19666666666666668,0.19666666666666668,0,0,0,0
"evaluation_016","evaluation","intermediate","frozen_motor_keys",0.99999999999999967,0.1666666666666666,0.83333333333333315,4.9999999999999991,1.6666666666666661,6.6666666666666652,0.99999999999999967,0.066666666666666693,0.66666666666666641,3.1666666666666674,0.23247095853774544,0.4863622732412532,0.48636227324125336,0
"evaluation_016","evaluation","intermediate","frozen_motor_attention",0.99999999999999967,0,0.99999999999999967,1.9999999999999993,1.333333333333333,3.3333333333333326,0.99999999999999967,0.033333333333333333,0.63333333333333319,3.6333333333333342,0.23247095853774544,0.4863622732412532,0.48636227324125336,0
"evaluation_016","evaluation","intermediate","reset_memory",0.99999999999999967,0,0.99999999999999967,4.0000000000000009,1.8799999999999997,5.8799999999999999,0.99999999999999967,0.058800000000000012,0.65879999999999994,3.6588000000000007,0.23247095853774544,0.4863622732412532,0.48636227324125336,0
"evaluation_016","evaluation","reliable","active",1,0.90000000000000002,0.099999999999999978,14.593333333333334,3.7200000000000002,18.313333333333336,0,0.18313333333333337,0.18313333333333337,0.48313333333333325,0.18799999999999994,0.486026764634858,0.48602676463485794,0
"evaluation_016","evaluation","reliable","no_epistemic",1,0.90000000000000002,0.099999999999999978,14.593333333333334,3.7200000000000002,18.313333333333336,0,0.18313333333333337,0.18313333333333337,0.48313333333333325,0.18799999999999994,0.486026764634858,0.48602676463485794,0
"evaluation_016","evaluation","reliable","no_look",1,0.90000000000000002,0.099999999999999978,14.593333333333334,3.7200000000000002,18.313333333333336,0,0.18313333333333337,0.18313333333333337,0.48313333333333325,0.18799999999999994,0.486026764634858,0.48602676463485794,0
"evaluation_016","evaluation","reliable","matched_random_look",0.99999999999999944,0.90000000000000002,0.099999999999999936,14.593333333333339,3.7200000000000002,18.313333333333347,0.66666666666666619,0.18313333333333329,0.58313333333333384,0.88313333333333366,0.14808832614942521,0.31872908816036061,0.31872908816036055,0
"evaluation_016","evaluation","reliable","compiled_matched",1,0.90000000000000002,0.099999999999999978,14.593333333333334,3.7200000000000002,18.313333333333336,0,0.18313333333333337,0.18313333333333337,0.48313333333333325,0.18799999999999994,0.486026764634858,0.48602676463485794,0
"evaluation_016","evaluation","reliable","oracle",1,1,0,15.66666666666667,4,19.666666666666668,0,0.19666666666666668,0.19666666666666668,0.19666666666666668,0,0,0,0
"evaluation_016","evaluation","reliable","frozen_motor_keys",1,0.16666666666666666,0.83333333333333337,5,1.6666666666666667,6.6666666666666652,0,0.066666666666666666,0.066666666666666666,2.5666666666666664,0.18799999999999994,0.486026764634858,0.48602676463485794,0
"evaluation_016","evaluation","reliable","frozen_motor_attention",1,0,1,2,1.3333333333333333,3.3333333333333335,0,0.033333333333333333,0.033333333333333333,3.0333333333333332,0.18799999999999994,0.486026764634858,0.48602676463485794,0
"evaluation_016","evaluation","reliable","reset_memory",1,0,1,4,1.9200000000000002,5.919999999999999,0,0.05920000000000001,0.05920000000000001,3.0591999999999993,0.18799999999999994,0.486026764634858,0.48602676463485794,0
"evaluation_017","evaluation","ambiguous","active",1.0000000000000007,0.84999999999999998,0.15000000000000005,19.963333333333335,3.5800000000000005,23.543333333333333,1.0000000000000007,0.23543333333333327,0.83543333333333347,1.2854333333333336,0.26414761134025994,0.61728127047639925,0.6172812704763988,0
"evaluation_017","evaluation","ambiguous","no_epistemic",1.0000000000000007,0.84999999999999998,0.15000000000000005,19.963333333333335,3.5800000000000005,23.543333333333333,1.0000000000000007,0.23543333333333327,0.83543333333333347,1.2854333333333336,0.26414761134025994,0.61728127047639925,0.6172812704763988,0
"evaluation_017","evaluation","ambiguous","no_look",1,0.40000000000000008,0.59999999999999998,12.853333333333333,2.3200000000000003,15.173333333333334,0,0.1517333333333333,0.1517333333333333,1.9517333333333333,0.7679999999999999,1.6386744144697165,1.638674414469717,0
"evaluation_017","evaluation","ambiguous","matched_random_look",0.99999999999999922,0.70000000000000018,0.3000000000000001,17.59333333333333,3.1600000000000006,20.75333333333333,0.66666666666666663,0.20753333333333326,0.60753333333333337,1.5075333333333329,0.43209840756017304,0.95774565180750459,0.95774565180750482,0
"evaluation_017","evaluation","ambiguous","compiled_matched",1.0000000000000007,0.84999999999999998,0.15000000000000005,19.963333333333335,3.5800000000000005,23.543333333333333,1.0000000000000007,0.23543333333333327,0.83543333333333347,1.2854333333333336,0.26414761134025994,0.61728127047639925,0.6172812704763988,0
"evaluation_017","evaluation","ambiguous","oracle",1,1,0,22.333333333333332,4,26.333333333333332,0,0.26333333333333336,0.26333333333333336,0.26333333333333336,0,0,0,0
"evaluation_017","evaluation","ambiguous","frozen_motor_keys",1.0000000000000007,0.16666666666666685,0.83333333333333359,10.500000000000002,1.6666666666666679,12.166666666666663,1.0000000000000007,0.1216666666666666,0.72166666666666635,3.221666666666668,0.26414761134025994,0.61728127047639925,0.6172812704763988,0
"evaluation_017","evaluation","ambiguous","frozen_motor_attention",1.0000000000000007,0,1.0000000000000007,6.0000000000000027,1.3333333333333341,7.3333333333333357,1.0000000000000007,0.07333333333333332,0.67333333333333323,3.6733333333333338,0.26414761134025994,0.61728127047639925,0.6172812704763988,0
"evaluation_017","evaluation","ambiguous","reset_memory",1.0000000000000007,0,1.0000000000000007,5.3333333333333357,1.8800000000000008,7.213333333333332,1.0000000000000007,0.072133333333333327,0.67213333333333347,3.6721333333333348,0.26414761134025994,0.61728127047639925,0.6172812704763988,0
"evaluation_017","evaluation","intermediate","active",0.99999999999999967,0.84999999999999998,0.14999999999999997,19.963333333333338,3.5799999999999996,23.543333333333333,0.99999999999999967,0.2354333333333333,0.83543333333333336,1.2854333333333328,0.23247095853774544,0.4863622732412532,0.48636227324125336,0
"evaluation_017","evaluation","intermediate","no_epistemic",0.99999999999999989,0.65000000000000002,0.34999999999999992,16.803333333333335,3.0199999999999996,19.823333333333334,0,0.19823333333333334,0.19823333333333334,1.2482333333333331,0.55299999999999994,1.2107499083865674,1.2107499083865669,0
"evaluation_017","evaluation","intermediate","no_look",0.99999999999999989,0.65000000000000002,0.34999999999999992,16.803333333333335,3.0199999999999996,19.823333333333334,0,0.19823333333333334,0.19823333333333334,1.2482333333333331,0.55299999999999994,1.2107499083865674,1.2107499083865669,0
"evaluation_017","evaluation","intermediate","matched_random_look",0.99999999999999944,0.78333333333333321,0.21666666666666676,18.910000000000007,3.3933333333333322,22.303333333333338,0.66666666666666641,0.22303333333333322,0.62303333333333366,1.2730333333333337,0.33931397235849686,0.72782481828969103,0.72782481828969059,0
"evaluation_017","evaluation","intermediate","compiled_matched",0.99999999999999967,0.84999999999999998,0.14999999999999997,19.963333333333338,3.5799999999999996,23.543333333333333,0.99999999999999967,0.2354333333333333,0.83543333333333336,1.2854333333333328,0.23247095853774544,0.4863622732412532,0.48636227324125336,0
"evaluation_017","evaluation","intermediate","oracle",0.99999999999999989,0.99999999999999989,0,22.333333333333332,3.9999999999999996,26.333333333333332,0,0.26333333333333331,0.26333333333333331,0.26333333333333331,0,0,0,0
"evaluation_017","evaluation","intermediate","frozen_motor_keys",0.99999999999999967,0.1666666666666666,0.83333333333333315,10.499999999999996,1.6666666666666661,12.16666666666667,0.99999999999999967,0.12166666666666669,0.72166666666666712,3.2216666666666662,0.23247095853774544,0.4863622732412532,0.48636227324125336,0
"evaluation_017","evaluation","intermediate","frozen_motor_attention",0.99999999999999967,0,0.99999999999999967,6,1.333333333333333,7.333333333333333,0.99999999999999967,0.07333333333333332,0.67333333333333334,3.6733333333333338,0.23247095853774544,0.4863622732412532,0.48636227324125336,0
"evaluation_017","evaluation","intermediate","reset_memory",0.99999999999999967,0,0.99999999999999967,5.333333333333333,1.8799999999999997,7.2133333333333356,0.99999999999999967,0.072133333333333299,0.67213333333333314,3.6721333333333335,0.23247095853774544,0.4863622732412532,0.48636227324125336,0
"evaluation_017","evaluation","reliable","active",1,0.90000000000000002,0.099999999999999978,20.753333333333334,3.7200000000000002,24.473333333333333,0,0.24473333333333336,0.24473333333333336,0.54473333333333329,0.18799999999999994,0.486026764634858,0.48602676463485794,0
"evaluation_017","evaluation","reliable","no_epistemic",1,0.90000000000000002,0.099999999999999978,20.753333333333334,3.7200000000000002,24.473333333333333,0,0.24473333333333336,0.24473333333333336,0.54473333333333329,0.18799999999999994,0.486026764634858,0.48602676463485794,0
"evaluation_017","evaluation","reliable","no_look",1,0.90000000000000002,0.099999999999999978,20.753333333333334,3.7200000000000002,24.473333333333333,0,0.24473333333333336,0.24473333333333336,0.54473333333333329,0.18799999999999994,0.486026764634858,0.48602676463485794,0
"evaluation_017","evaluation","reliable","matched_random_look",0.99999999999999944,0.90000000000000002,0.099999999999999936,20.753333333333341,3.7200000000000002,24.473333333333329,0.66666666666666619,0.24473333333333339,0.64473333333333394,0.94473333333333354,0.14808832614942521,0.31872908816036061,0.31872908816036055,0
"evaluation_017","evaluation","reliable","compiled_matched",1,0.90000000000000002,0.099999999999999978,20.753333333333334,3.7200000000000002,24.473333333333333,0,0.24473333333333336,0.24473333333333336,0.54473333333333329,0.18799999999999994,0.486026764634858,0.48602676463485794,0
"evaluation_017","evaluation","reliable","oracle",1,1,0,22.333333333333332,4,26.333333333333332,0,0.26333333333333331,0.26333333333333331,0.26333333333333331,0,0,0,0
"evaluation_017","evaluation","reliable","frozen_motor_keys",1,0.16666666666666666,0.83333333333333337,10.5,1.6666666666666667,12.166666666666664,0,0.12166666666666665,0.12166666666666665,2.6216666666666666,0.18799999999999994,0.486026764634858,0.48602676463485794,0
"evaluation_017","evaluation","reliable","frozen_motor_attention",1,0,1,6,1.3333333333333333,7.333333333333333,0,0.073333333333333348,0.073333333333333348,3.0733333333333328,0.18799999999999994,0.486026764634858,0.48602676463485794,0
"evaluation_017","evaluation","reliable","reset_memory",1,0,1,5.333333333333333,1.9200000000000002,7.253333333333333,0,0.072533333333333339,0.072533333333333339,3.0725333333333329,0.18799999999999994,0.486026764634858,0.48602676463485794,0
"evaluation_018","evaluation","ambiguous","active",1.0000000000000007,0.84999999999999998,0.15000000000000005,12.450000000000003,3.5800000000000005,16.030000000000001,1.0000000000000007,0.16030000000000003,0.76030000000000031,1.2103000000000002,0.26414761134025994,0.61728127047639925,0.6172812704763988,0
"evaluation_018","evaluation","ambiguous","no_epistemic",1.0000000000000007,0.84999999999999998,0.15000000000000005,12.450000000000003,3.5800000000000005,16.030000000000001,1.0000000000000007,0.16030000000000003,0.76030000000000031,1.2103000000000002,0.26414761134025994,0.61728127047639925,0.6172812704763988,0
"evaluation_018","evaluation","ambiguous","no_look",1,0.40000000000000008,0.59999999999999998,7.7999999999999998,2.3200000000000003,10.119999999999999,0,0.10120000000000001,0.10120000000000001,1.9012,0.7679999999999999,1.6386744144697165,1.638674414469717,0
"evaluation_018","evaluation","ambiguous","matched_random_look",0.99999999999999922,0.70000000000000018,0.3000000000000001,10.9,3.1600000000000006,14.059999999999997,0.66666666666666663,0.14059999999999997,0.5406000000000003,1.4406000000000005,0.43209840756017304,0.95774565180750459,0.95774565180750482,0
"evaluation_018","evaluation","ambiguous","compiled_matched",1.0000000000000007,0.84999999999999998,0.15000000000000005,12.450000000000003,3.5800000000000005,16.030000000000001,1.0000000000000007,0.16030000000000003,0.76030000000000031,1.2103000000000002,0.26414761134025994,0.61728127047639925,0.6172812704763988,0
"evaluation_018","evaluation","ambiguous","oracle",1,1,0,14,4,18,0,0.18000000000000002,0.18000000000000002,0.18000000000000002,0,0,0,0
"evaluation_018","evaluation","ambiguous","frozen_motor_keys",1.0000000000000007,0.16666666666666685,0.83333333333333359,6.6666666666666705,1.6666666666666679,8.3333333333333339,1.0000000000000007,0.083333333333333273,0.68333333333333346,3.1833333333333331,0.26414761134025994,0.61728127047639925,0.6172812704763988,0
"evaluation_018","evaluation","ambiguous","frozen_motor_attention",1.0000000000000007,0,1.0000000000000007,4.0000000000000027,1.3333333333333341,5.333333333333333,1.0000000000000007,0.053333333333333344,0.65333333333333365,3.6533333333333338,0.26414761134025994,0.61728127047639925,0.6172812704763988,0
"evaluation_018","evaluation","ambiguous","reset_memory",1.0000000000000007,0,1.0000000000000007,3.0000000000000013,1.8800000000000008,4.8799999999999999,1.0000000000000007,0.04880000000000001,0.64880000000000015,3.6487999999999996,0.26414761134025994,0.61728127047639925,0.6172812704763988,0
"evaluation_018","evaluation","intermediate","active",0.99999999999999967,0.84999999999999998,0.14999999999999997,12.450000000000003,3.5799999999999996,16.030000000000005,0.99999999999999967,0.16029999999999991,0.76029999999999986,1.2103000000000006,0.23247095853774544,0.4863622732412532,0.48636227324125336,0
"evaluation_018","evaluation","intermediate","no_epistemic",0.99999999999999989,0.65000000000000002,0.34999999999999992,10.383333333333335,3.0199999999999996,13.403333333333334,0,0.13403333333333337,0.13403333333333337,1.1840333333333333,0.55299999999999994,1.2107499083865674,1.2107499083865669,0
"evaluation_018","evaluation","intermediate","no_look",0.99999999999999989,0.65000000000000002,0.34999999999999992,10.383333333333335,3.0199999999999996,13.403333333333334,0,0.13403333333333337,0.13403333333333337,1.1840333333333333,0.55299999999999994,1.2107499083865674,1.2107499083865669,0
"evaluation_018","evaluation","intermediate","matched_random_look",0.99999999999999944,0.78333333333333321,0.21666666666666676,11.761111111111111,3.3933333333333322,15.154444444444451,0.66666666666666641,0.1515444444444444,0.5515444444444445,1.2015444444444443,0.33931397235849686,0.72782481828969103,0.72782481828969059,0
"evaluation_018","evaluation","intermediate","compiled_matched",0.99999999999999967,0.84999999999999998,0.14999999999999997,12.450000000000003,3.5799999999999996,16.030000000000005,0.99999999999999967,0.16029999999999991,0.76029999999999986,1.2103000000000006,0.23247095853774544,0.4863622732412532,0.48636227324125336,0
"evaluation_018","evaluation","intermediate","oracle",0.99999999999999989,0.99999999999999989,0,14,3.9999999999999996,17.999999999999996,0,0.18000000000000002,0.18000000000000002,0.18000000000000002,0,0,0,0
"evaluation_018","evaluation","intermediate","frozen_motor_keys",0.99999999999999967,0.1666666666666666,0.83333333333333315,6.6666666666666705,1.6666666666666661,8.3333333333333321,0.99999999999999967,0.083333333333333287,0.68333333333333302,3.1833333333333331,0.23247095853774544,0.4863622732412532,0.48636227324125336,0
"evaluation_018","evaluation","intermediate","frozen_motor_attention",0.99999999999999967,0,0.99999999999999967,3.9999999999999987,1.333333333333333,5.3333333333333357,0.99999999999999967,0.053333333333333337,0.6533333333333331,3.6533333333333329,0.23247095853774544,0.4863622732412532,0.48636227324125336,0
"evaluation_018","evaluation","intermediate","reset_memory",0.99999999999999967,0,0.99999999999999967,2.9999999999999996,1.8799999999999997,4.8800000000000017,0.99999999999999967,0.048800000000000003,0.64879999999999993,3.6487999999999983,0.23247095853774544,0.4863622732412532,0.48636227324125336,0
"evaluation_018","evaluation","reliable","active",1,0.90000000000000002,0.099999999999999978,12.966666666666667,3.7200000000000002,16.686666666666667,0,0.16686666666666672,0.16686666666666672,0.4668666666666666,0.18799999999999994,0.486026764634858,0.48602676463485794,0
"evaluation_018","evaluation","reliable","no_epistemic",1,0.90000000000000002,0.099999999999999978,12.966666666666667,3.7200000000000002,16.686666666666667,0,0.16686666666666672,0.16686666666666672,0.4668666666666666,0.18799999999999994,0.486026764634858,0.48602676463485794,0
"evaluation_018","evaluation","reliable","no_look",1,0.90000000000000002,0.099999999999999978,12.966666666666667,3.7200000000000002,16.686666666666667,0,0.16686666666666672,0.16686666666666672,0.4668666666666666,0.18799999999999994,0.486026764634858,0.48602676463485794,0
"evaluation_018","evaluation","reliable","matched_random_look",0.99999999999999944,0.90000000000000002,0.099999999999999936,12.966666666666669,3.7200000000000002,16.686666666666671,0.66666666666666619,0.16686666666666669,0.56686666666666696,0.86686666666666679,0.14808832614942521,0.31872908816036061,0.31872908816036055,0
"evaluation_018","evaluation","reliable","compiled_matched",1,0.90000000000000002,0.099999999999999978,12.966666666666667,3.7200000000000002,16.686666666666667,0,0.16686666666666672,0.16686666666666672,0.4668666666666666,0.18799999999999994,0.486026764634858,0.48602676463485794,0
"evaluation_018","evaluation","reliable","oracle",1,1,0,14,4,18,0,0.18000000000000002,0.18000000000000002,0.18000000000000002,0,0,0,0
"evaluation_018","evaluation","reliable","frozen_motor_keys",1,0.16666666666666666,0.83333333333333337,6.666666666666667,1.6666666666666667,8.3333333333333339,0,0.083333333333333329,0.083333333333333329,2.583333333333333,0.18799999999999994,0.486026764634858,0.48602676463485794,0
"evaluation_018","evaluation","reliable","frozen_motor_attention",1,0,1,4,1.3333333333333333,5.333333333333333,0,0.053333333333333337,0.053333333333333337,3.0533333333333332,0.18799999999999994,0.486026764634858,0.48602676463485794,0
"evaluation_018","evaluation","reliable","reset_memory",1,0,1,3,1.9200000000000002,4.9200000000000008,0,0.049199999999999994,0.049199999999999994,3.0491999999999995,0.18799999999999994,0.486026764634858,0.48602676463485794,0
"evaluation_019","evaluation","ambiguous","active",1.0000000000000007,0.84999999999999998,0.15000000000000005,13.289999999999994,3.5800000000000005,16.870000000000001,1.0000000000000007,0.16869999999999999,0.76869999999999994,1.2187000000000003,0.26414761134025994,0.61728127047639925,0.6172812704763988,0
"evaluation_019","evaluation","ambiguous","no_epistemic",1.0000000000000007,0.84999999999999998,0.15000000000000005,13.289999999999994,3.5800000000000005,16.870000000000001,1.0000000000000007,0.16869999999999999,0.76869999999999994,1.2187000000000003,0.26414761134025994,0.61728127047639925,0.6172812704763988,0
"evaluation_019","evaluation","ambiguous","no_look",1,0.40000000000000008,0.59999999999999998,8.1600000000000001,2.3200000000000003,10.480000000000002,0,0.1048,0.1048,1.9048,0.7679999999999999,1.6386744144697165,1.638674414469717,0
"evaluation_019","evaluation","ambiguous","matched_random_look",0.99999999999999922,0.70000000000000018,0.3000000000000001,11.579999999999993,3.1600000000000006,14.740000000000002,0.66666666666666663,0.14740000000000003,0.5474,1.4474000000000002,0.43209840756017304,0.95774565180750459,0.95774565180750482,0
"evaluation_019","evaluation","ambiguous","compiled_matched",1.0000000000000007,0.84999999999999998,0.15000000000000005,13.289999999999994,3.5800000000000005,16.870000000000001,1.0000000000000007,0.16869999999999999,0.76869999999999994,1.2187000000000003,0.26414761134025994,0.61728127047639925,0.6172812704763988,0
"evaluation_019","evaluation","ambiguous","oracle",1,1,0,15,4,19,0,0.19000000000000003,0.19000000000000003,0.19000000000000003,0,0,0,0
"evaluation_019","evaluation","ambiguous","frozen_motor_keys",1.0000000000000007,0.16666666666666685,0.83333333333333359,5.0000000000000009,1.6666666666666679,6.6666666666666687,1.0000000000000007,0.066666666666666666,0.66666666666666685,3.1666666666666674,0.26414761134025994,0.61728127047639925,0.6172812704763988,0
"evaluation_019","evaluation","ambiguous","frozen_motor_attention",1.0000000000000007,0,1.0000000000000007,2.0000000000000013,1.3333333333333341,3.3333333333333353,1.0000000000000007,0.033333333333333326,0.6333333333333333,3.6333333333333324,0.26414761134025994,0.61728127047639925,0.6172812704763988,0
"evaluation_019","evaluation","ambiguous","reset_memory",1.0000000000000007,0,1.0000000000000007,2.6666666666666674,1.8800000000000008,4.5466666666666677,1.0000000000000007,0.045466666666666648,0.64546666666666652,3.6454666666666653,0.26414761134025994,0.61728127047639925,0.6172812704763988,0
"evaluation_019","evaluation","intermediate","active",0.99999999999999967,0.84999999999999998,0.14999999999999997,13.289999999999997,3.5799999999999996,16.870000000000001,0.99999999999999967,0.16870000000000004,0.76870000000000005,1.2186999999999999,0.23247095853774544,0.4863622732412532,0.48636227324125336,0
"evaluation_019","evaluation","intermediate","no_epistemic",0.99999999999999989,0.65000000000000002,0.34999999999999992,11.01,3.0199999999999996,14.029999999999999,0,0.14030000000000001,0.14030000000000001,1.1902999999999999,0.55299999999999994,1.2107499083865674,1.2107499083865669,0
"evaluation_019","evaluation","intermediate","no_look",0.99999999999999989,0.65000000000000002,0.34999999999999992,11.01,3.0199999999999996,14.029999999999999,0,0.14030000000000001,0.14030000000000001,1.1902999999999999,0.55299999999999994,1.2107499083865674,1.2107499083865669,0
"evaluation_019","evaluation","intermediate","matched_random_look",0.99999999999999944,0.78333333333333321,0.21666666666666676,12.53000000000001,3.3933333333333322,15.923333333333332,0.66666666666666641,0.15923333333333331,0.55923333333333358,1.2092333333333334,0.33931397235849686,0.72782481828969103,0.72782481828969059,0
"evaluation_019","evaluation","intermediate","compiled_matched",0.99999999999999967,0.84999999999999998,0.14999999999999997,13.289999999999997,3.5799999999999996,16.870000000000001,0.99999999999999967,0.16870000000000004,0.76870000000000005,1.2186999999999999,0.23247095853774544,0.4863622732412532,0.48636227324125336,0
"evaluation_019","evaluation","intermediate","oracle",0.99999999999999989,0.99999999999999989,0,15,3.9999999999999996,18.999999999999996,0,0.19000000000000003,0.19000000000000003,0.19000000000000003,0,0,0,0
"evaluation_019","evaluation","intermediate","frozen_motor_keys",0.99999999999999967,0.1666666666666666,0.83333333333333315,4.9999999999999991,1.6666666666666661,6.6666666666666652,0.99999999999999967,0.066666666666666693,0.66666666666666641,3.1666666666666674,0.23247095853774544,0.4863622732412532,0.48636227324125336,0
"evaluation_019","evaluation","intermediate","frozen_motor_attention",0.99999999999999967,0,0.99999999999999967,1.9999999999999993,1.333333333333333,3.3333333333333326,0.99999999999999967,0.033333333333333333,0.63333333333333319,3.6333333333333342,0.23247095853774544,0.4863622732412532,0.48636227324125336,0
"evaluation_019","evaluation","intermediate","reset_memory",0.99999999999999967,0,0.99999999999999967,2.6666666666666665,1.8799999999999997,4.5466666666666677,0.99999999999999967,0.045466666666666676,0.64546666666666663,3.6454666666666671,0.23247095853774544,0.4863622732412532,0.48636227324125336,0
"evaluation_019","evaluation","reliable","active",1,0.90000000000000002,0.099999999999999978,13.860000000000001,3.7200000000000002,17.579999999999998,0,0.17579999999999998,0.17579999999999998,0.47579999999999995,0.18799999999999994,0.486026764634858,0.48602676463485794,0
"evaluation_019","evaluation","reliable","no_epistemic",1,0.90000000000000002,0.099999999999999978,13.860000000000001,3.7200000000000002,17.579999999999998,0,0.17579999999999998,0.17579999999999998,0.47579999999999995,0.18799999999999994,0.486026764634858,0.48602676463485794,0
"evaluation_019","evaluation","reliable","no_look",1,0.90000000000000002,0.099999999999999978,13.860000000000001,3.7200000000000002,17.579999999999998,0,0.17579999999999998,0.17579999999999998,0.47579999999999995,0.18799999999999994,0.486026764634858,0.48602676463485794,0
"evaluation_019","evaluation","reliable","matched_random_look",0.99999999999999944,0.90000000000000002,0.099999999999999936,13.860000000000008,3.7200000000000002,17.579999999999995,0.66666666666666619,0.17579999999999993,0.57580000000000064,0.87580000000000036,0.14808832614942521,0.31872908816036061,0.31872908816036055,0
"evaluation_019","evaluation","reliable","compiled_matched",1,0.90000000000000002,0.099999999999999978,13.860000000000001,3.7200000000000002,17.579999999999998,0,0.17579999999999998,0.17579999999999998,0.47579999999999995,0.18799999999999994,0.486026764634858,0.48602676463485794,0
"evaluation_019","evaluation","reliable","oracle",1,1,0,15,4,19,0,0.19000000000000003,0.19000000000000003,0.19000000000000003,0,0,0,0
"evaluation_019","evaluation","reliable","frozen_motor_keys",1,0.16666666666666666,0.83333333333333337,5,1.6666666666666667,6.6666666666666652,0,0.066666666666666666,0.066666666666666666,2.5666666666666664,0.18799999999999994,0.486026764634858,0.48602676463485794,0
"evaluation_019","evaluation","reliable","frozen_motor_attention",1,0,1,2,1.3333333333333333,3.3333333333333335,0,0.033333333333333333,0.033333333333333333,3.0333333333333332,0.18799999999999994,0.486026764634858,0.48602676463485794,0
"evaluation_019","evaluation","reliable","reset_memory",1,0,1,2.6666666666666665,1.9200000000000002,4.5866666666666669,0,0.045866666666666674,0.045866666666666674,3.0458666666666665,0.18799999999999994,0.486026764634858,0.48602676463485794,0
"evaluation_020","evaluation","ambiguous","active",1.0000000000000007,0.84999999999999998,0.15000000000000005,19.013333333333335,3.5800000000000005,22.59333333333333,1.0000000000000007,0.22593333333333332,0.82593333333333374,1.2759333333333334,0.26414761134025994,0.61728127047639925,0.6172812704763988,0
"evaluation_020","evaluation","ambiguous","no_epistemic",1.0000000000000007,0.84999999999999998,0.15000000000000005,19.013333333333335,3.5800000000000005,22.59333333333333,1.0000000000000007,0.22593333333333332,0.82593333333333374,1.2759333333333334,0.26414761134025994,0.61728127047639925,0.6172812704763988,0
"evaluation_020","evaluation","ambiguous","no_look",1,0.40000000000000008,0.59999999999999998,12.053333333333333,2.3200000000000003,14.373333333333335,0,0.14373333333333335,0.14373333333333335,1.9437333333333333,0.7679999999999999,1.6386744144697165,1.638674414469717,0
"evaluation_020","evaluation","ambiguous","matched_random_look",0.99999999999999922,0.70000000000000018,0.3000000000000001,16.693333333333332,3.1600000000000006,19.853333333333328,0.66666666666666663,0.19853333333333337,0.59853333333333347,1.4985333333333326,0.43209840756017304,0.95774565180750459,0.95774565180750482,0
"evaluation_020","evaluation","ambiguous","compiled_matched",1.0000000000000007,0.84999999999999998,0.15000000000000005,19.013333333333335,3.5800000000000005,22.59333333333333,1.0000000000000007,0.22593333333333332,0.82593333333333374,1.2759333333333334,0.26414761134025994,0.61728127047639925,0.6172812704763988,0
"evaluation_020","evaluation","ambiguous","oracle",1,1,0,21.333333333333332,4,25.333333333333332,0,0.25333333333333335,0.25333333333333335,0.25333333333333335,0,0,0,0
"evaluation_020","evaluation","ambiguous","frozen_motor_keys",1.0000000000000007,0.16666666666666685,0.83333333333333359,6.166666666666667,1.6666666666666679,7.8333333333333348,1.0000000000000007,0.078333333333333366,0.67833333333333368,3.1783333333333332,0.26414761134025994,0.61728127047639925,0.6172812704763988,0
"evaluation_020","evaluation","ambiguous","frozen_motor_attention",1.0000000000000007,0,1.0000000000000007,4.0000000000000027,1.3333333333333341,5.333333333333333,1.0000000000000007,0.053333333333333344,0.65333333333333365,3.6533333333333338,0.26414761134025994,0.61728127047639925,0.6172812704763988,0
"evaluation_020","evaluation","ambiguous","reset_memory",1.0000000000000007,0,1.0000000000000007,4.6666666666666652,1.8800000000000008,6.5466666666666677,1.0000000000000007,0.065466666666666687,0.66546666666666676,3.6654666666666675,0.26414761134025994,0.61728127047639925,0.6172812704763988,0
"evaluation_020","evaluation","intermediate","active",0.99999999999999967,0.84999999999999998,0.14999999999999997,19.013333333333339,3.5799999999999996,22.593333333333334,0.99999999999999967,0.22593333333333324,0.82593333333333308,1.2759333333333338,0.23247095853774544,0.4863622732412532,0.48636227324125336,0
"evaluation_020","evaluation","intermediate","no_epistemic",0.99999999999999989,0.65000000000000002,0.34999999999999992,15.920000000000002,3.0199999999999996,18.940000000000001,0,0.18940000000000001,0.18940000000000001,1.2393999999999998,0.55299999999999994,1.2107499083865674,1.2107499083865669,0
"evaluation_020","evaluation","intermediate","no_look",0.99999999999999989,0.65000000000000002,0.34999999999999992,15.920000000000002,3.0199999999999996,18.940000000000001,0,0.18940000000000001,0.18940000000000001,1.2393999999999998,0.55299999999999994,1.2107499083865674,1.2107499083865669,0
"evaluation_020","evaluation","intermediate","matched_random_look",0.99999999999999944,0.78333333333333321,0.21666666666666676,17.982222222222227,3.3933333333333322,21.375555555555565,0.66666666666666641,0.21375555555555556,0.61375555555555583,1.2637555555555549,0.33931397235849686,0.72782481828969103,0.72782481828969059,0
"evaluation_020","evaluation","intermediate","compiled_matched",0.99999999999999967,0.84999999999999998,0.14999999999999997,19.013333333333339,3.5799999999999996,22.593333333333334,0.99999999999999967,0.22593333333333324,0.82593333333333308,1.2759333333333338,0.23247095853774544,0.4863622732412532,0.48636227324125336,0
"evaluation_020","evaluation","intermediate","oracle",0.99999999999999989,0.99999999999999989,0,21.333333333333332,3.9999999999999996,25.333333333333332,0,0.25333333333333335,0.25333333333333335,0.25333333333333335,0,0,0,0
"evaluation_020","evaluation","intermediate","frozen_motor_keys",0.99999999999999967,0.1666666666666666,0.83333333333333315,6.1666666666666705,1.6666666666666661,7.8333333333333419,0.99999999999999967,0.078333333333333269,0.67833333333333323,3.1783333333333328,0.23247095853774544,0.4863622732412532,0.48636227324125336,0
"evaluation_020","evaluation","intermediate","frozen_motor_attention",0.99999999999999967,0,0.99999999999999967,3.9999999999999987,1.333333333333333,5.3333333333333357,0.99999999999999967,0.053333333333333337,0.6533333333333331,3.6533333333333329,0.23247095853774544,0.4863622732412532,0.48636227324125336,0
"evaluation_020","evaluation","intermediate","reset_memory",0.99999999999999967,0,0.99999999999999967,4.6666666666666687,1.8799999999999997,6.5466666666666669,0.99999999999999967,0.065466666666666659,0.66546666666666665,3.6654666666666658,0.23247095853774544,0.4863622732412532,0.48636227324125336,0
"evaluation_020","evaluation","reliable","active",1,0.90000000000000002,0.099999999999999978,19.786666666666669,3.7200000000000002,23.506666666666671,0,0.23506666666666667,0.23506666666666667,0.53506666666666658,0.18799999999999994,0.486026764634858,0.48602676463485794,0
"evaluation_020","evaluation","reliable","no_epistemic",1,0.90000000000000002,0.099999999999999978,19.786666666666669,3.7200000000000002,23.506666666666671,0,0.23506666666666667,0.23506666666666667,0.53506666666666658,0.18799999999999994,0.486026764634858,0.48602676463485794,0
"evaluation_020","evaluation","reliable","no_look",1,0.90000000000000002,0.099999999999999978,19.786666666666669,3.7200000000000002,23.506666666666671,0,0.23506666666666667,0.23506666666666667,0.53506666666666658,0.18799999999999994,0.486026764634858,0.48602676463485794,0
"evaluation_020","evaluation","reliable","matched_random_look",0.99999999999999944,0.90000000000000002,0.099999999999999936,19.786666666666665,3.7200000000000002,23.506666666666678,0.66666666666666619,0.23506666666666676,0.635066666666667,0.93506666666666682,0.14808832614942521,0.31872908816036061,0.31872908816036055,0
"evaluation_020","evaluation","reliable","compiled_matched",1,0.90000000000000002,0.099999999999999978,19.786666666666669,3.7200000000000002,23.506666666666671,0,0.23506666666666667,0.23506666666666667,0.53506666666666658,0.18799999999999994,0.486026764634858,0.48602676463485794,0
"evaluation_020","evaluation","reliable","oracle",1,1,0,21.333333333333332,4,25.333333333333332,0,0.25333333333333335,0.25333333333333335,0.25333333333333335,0,0,0,0
"evaluation_020","evaluation","reliable","frozen_motor_keys",1,0.16666666666666666,0.83333333333333337,6.1666666666666652,1.6666666666666667,7.8333333333333321,0,0.078333333333333338,0.078333333333333338,2.5783333333333331,0.18799999999999994,0.486026764634858,0.48602676463485794,0
"evaluation_020","evaluation","reliable","frozen_motor_attention",1,0,1,4,1.3333333333333333,5.333333333333333,0,0.053333333333333337,0.053333333333333337,3.0533333333333332,0.18799999999999994,0.486026764634858,0.48602676463485794,0
"evaluation_020","evaluation","reliable","reset_memory",1,0,1,4.666666666666667,1.9200000000000002,6.5866666666666669,0,0.065866666666666684,0.065866666666666684,3.0658666666666665,0.18799999999999994,0.486026764634858,0.48602676463485794,0
"evaluation_021","evaluation","ambiguous","active",1.0000000000000007,0.84999999999999998,0.15000000000000005,23.196666666666673,3.5800000000000005,26.776666666666667,1.0000000000000007,0.26776666666666665,0.86776666666666669,1.3177666666666665,0.26414761134025994,0.61728127047639925,0.6172812704763988,0
"evaluation_021","evaluation","ambiguous","no_epistemic",1.0000000000000007,0.84999999999999998,0.15000000000000005,23.196666666666673,3.5800000000000005,26.776666666666667,1.0000000000000007,0.26776666666666665,0.86776666666666669,1.3177666666666665,0.26414761134025994,0.61728127047639925,0.6172812704763988,0
"evaluation_021","evaluation","ambiguous","no_look",1,0.40000000000000008,0.59999999999999998,15.786666666666667,2.3200000000000003,18.106666666666669,0,0.18106666666666668,0.18106666666666668,1.9810666666666663,0.7679999999999999,1.6386744144697165,1.638674414469717,0
"evaluation_021","evaluation","ambiguous","matched_random_look",0.99999999999999922,0.70000000000000018,0.3000000000000001,20.72666666666667,3.1600000000000006,23.88666666666666,0.66666666666666663,0.23886666666666675,0.63886666666666658,1.5388666666666664,0.43209840756017304,0.95774565180750459,0.95774565180750482,0
"evaluation_021","evaluation","ambiguous","compiled_matched",1.0000000000000007,0.84999999999999998,0.15000000000000005,23.196666666666673,3.5800000000000005,26.776666666666667,1.0000000000000007,0.26776666666666665,0.86776666666666669,1.3177666666666665,0.26414761134025994,0.61728127047639925,0.6172812704763988,0
"evaluation_021","evaluation","ambiguous","oracle",1,1,0,25.666666666666668,4,29.666666666666668,0,0.29666666666666669,0.29666666666666669,0.29666666666666669,0,0,0,0
"evaluation_021","evaluation","ambiguous","frozen_motor_keys",1.0000000000000007,0.16666666666666685,0.83333333333333359,8.5000000000000018,1.6666666666666679,10.166666666666666,1.0000000000000007,0.10166666666666668,0.70166666666666677,3.2016666666666667,0.26414761134025994,0.61728127047639925,0.6172812704763988,0
"evaluation_021","evaluation","ambiguous","frozen_motor_attention",1.0000000000000007,0,1.0000000000000007,4.9999999999999973,1.3333333333333341,6.3333333333333348,1.0000000000000007,0.063333333333333366,0.66333333333333344,3.6633333333333358,0.26414761134025994,0.61728127047639925,0.6172812704763988,0
"evaluation_021","evaluation","ambiguous","reset_memory",1.0000000000000007,0,1.0000000000000007,7.9999999999999991,1.8800000000000008,9.8800000000000008,1.0000000000000007,0.098799999999999999,0.69879999999999998,3.6988000000000008,0.26414761134025994,0.61728127047639925,0.6172812704763988,0
"evaluation_021","evaluation","intermediate","active",0.99999999999999967,0.84999999999999998,0.14999999999999997,23.196666666666676,3.5799999999999996,26.776666666666667,0.99999999999999967,0.26776666666666665,0.86776666666666669,1.3177666666666665,0.23247095853774544,0.4863622732412532,0.48636227324125336,0
"evaluation_021","evaluation","intermediate","no_epistemic",0.99999999999999989,0.65000000000000002,0.34999999999999992,19.903333333333332,3.0199999999999996,22.923333333333332,0,0.22923333333333332,0.22923333333333332,1.2792333333333332,0.55299999999999994,1.2107499083865674,1.2107499083865669,0
"evaluation_021","evaluation","intermediate","no_look",0.99999999999999989,0.65000000000000002,0.34999999999999992,19.903333333333332,3.0199999999999996,22.923333333333332,0,0.22923333333333332,0.22923333333333332,1.2792333333333332,0.55299999999999994,1.2107499083865674,1.2107499083865669,0
"evaluation_021","evaluation","intermediate","matched_random_look",0.99999999999999944,0.78333333333333321,0.21666666666666676,22.09888888888889,3.3933333333333322,25.492222222222221,0.66666666666666641,0.25492222222222222,0.65492222222222207,1.3049222222222223,0.33931397235849686,0.72782481828969103,0.72782481828969059,0
"evaluation_021","evaluation","intermediate","compiled_matched",0.99999999999999967,0.84999999999999998,0.14999999999999997,23.196666666666676,3.5799999999999996,26.776666666666667,0.99999999999999967,0.26776666666666665,0.86776666666666669,1.3177666666666665,0.23247095853774544,0.4863622732412532,0.48636227324125336,0
"evaluation_021","evaluation","intermediate","oracle",0.99999999999999989,0.99999999999999989,0,25.666666666666668,3.9999999999999996,29.666666666666671,0,0.29666666666666669,0.29666666666666669,0.29666666666666669,0,0,0,0
"evaluation_021","evaluation","intermediate","frozen_motor_keys",0.99999999999999967,0.1666666666666666,0.83333333333333315,8.5,1.6666666666666661,10.166666666666673,0.99999999999999967,0.10166666666666668,0.7016666666666671,3.2016666666666667,0.23247095853774544,0.4863622732412532,0.48636227324125336,0
"evaluation_021","evaluation","intermediate","frozen_motor_attention",0.99999999999999967,0,0.99999999999999967,5.0000000000000044,1.333333333333333,6.3333333333333357,0.99999999999999967,0.063333333333333325,0.66333333333333366,3.6633333333333327,0.23247095853774544,0.4863622732412532,0.48636227324125336,0
"evaluation_021","evaluation","intermediate","reset_memory",0.99999999999999967,0,0.99999999999999967,8.0000000000000018,1.8799999999999997,9.8800000000000026,0.99999999999999967,0.098799999999999999,0.69879999999999998,3.6988000000000008,0.23247095853774544,0.4863622732412532,0.48636227324125336,0
"evaluation_021","evaluation","reliable","active",1,0.90000000000000002,0.099999999999999978,24.02,3.7200000000000002,27.739999999999998,0,0.27740000000000004,0.27740000000000004,0.57740000000000002,0.18799999999999994,0.486026764634858,0.48602676463485794,0
"evaluation_021","evaluation","reliable","no_epistemic",1,0.90000000000000002,0.099999999999999978,24.02,3.7200000000000002,27.739999999999998,0,0.27740000000000004,0.27740000000000004,0.57740000000000002,0.18799999999999994,0.486026764634858,0.48602676463485794,0
"evaluation_021","evaluation","reliable","no_look",1,0.90000000000000002,0.099999999999999978,24.02,3.7200000000000002,27.739999999999998,0,0.27740000000000004,0.27740000000000004,0.57740000000000002,0.18799999999999994,0.486026764634858,0.48602676463485794,0
"evaluation_021","evaluation","reliable","matched_random_look",0.99999999999999944,0.90000000000000002,0.099999999999999936,24.02,3.7200000000000002,27.739999999999991,0.66666666666666619,0.27739999999999992,0.67740000000000011,0.97740000000000027,0.14808832614942521,0.31872908816036061,0.31872908816036055,0
"evaluation_021","evaluation","reliable","compiled_matched",1,0.90000000000000002,0.099999999999999978,24.02,3.7200000000000002,27.739999999999998,0,0.27740000000000004,0.27740000000000004,0.57740000000000002,0.18799999999999994,0.486026764634858,0.48602676463485794,0
"evaluation_021","evaluation","reliable","oracle",1,1,0,25.666666666666668,4,29.666666666666668,0,0.29666666666666669,0.29666666666666669,0.29666666666666669,0,0,0,0
"evaluation_021","evaluation","reliable","frozen_motor_keys",1,0.16666666666666666,0.83333333333333337,8.5,1.6666666666666667,10.166666666666666,0,0.10166666666666667,0.10166666666666667,2.6016666666666666,0.18799999999999994,0.486026764634858,0.48602676463485794,0
"evaluation_021","evaluation","reliable","frozen_motor_attention",1,0,1,4.9999999999999991,1.3333333333333333,6.333333333333333,0,0.063333333333333339,0.063333333333333339,3.063333333333333,0.18799999999999994,0.486026764634858,0.48602676463485794,0
"evaluation_021","evaluation","reliable","reset_memory",1,0,1,8,1.9200000000000002,9.9199999999999999,0,0.09920000000000001,0.09920000000000001,3.0991999999999997,0.18799999999999994,0.486026764634858,0.48602676463485794,0
"evaluation_022","evaluation","ambiguous","active",1.0000000000000007,0.84999999999999998,0.15000000000000005,21.096666666666668,3.5800000000000005,24.676666666666666,1.0000000000000007,0.24676666666666672,0.84676666666666678,1.2967666666666664,0.26414761134025994,0.61728127047639925,0.6172812704763988,0
"evaluation_022","evaluation","ambiguous","no_epistemic",1.0000000000000007,0.84999999999999998,0.15000000000000005,21.096666666666668,3.5800000000000005,24.676666666666666,1.0000000000000007,0.24676666666666672,0.84676666666666678,1.2967666666666664,0.26414761134025994,0.61728127047639925,0.6172812704763988,0
"evaluation_022","evaluation","ambiguous","no_look",1,0.40000000000000008,0.59999999999999998,13.386666666666668,2.3200000000000003,15.706666666666669,0,0.15706666666666669,0.15706666666666669,1.9570666666666667,0.7679999999999999,1.6386744144697165,1.638674414469717,0
"evaluation_022","evaluation","ambiguous","matched_random_look",0.99999999999999922,0.70000000000000018,0.3000000000000001,18.52666666666666,3.1600000000000006,21.686666666666664,0.66666666666666663,0.21686666666666674,0.61686666666666679,1.5168666666666661,0.43209840756017304,0.95774565180750459,0.95774565180750482,0
"evaluation_022","evaluation","ambiguous","compiled_matched",1.0000000000000007,0.84999999999999998,0.15000000000000005,21.096666666666668,3.5800000000000005,24.676666666666666,1.0000000000000007,0.24676666666666672,0.84676666666666678,1.2967666666666664,0.26414761134025994,0.61728127047639925,0.6172812704763988,0
"evaluation_022","evaluation","ambiguous","oracle",1,1,0,23.666666666666668,4,27.666666666666668,0,0.27666666666666667,0.27666666666666667,0.27666666666666667,0,0,0,0
"evaluation_022","evaluation","ambiguous","frozen_motor_keys",1.0000000000000007,0.16666666666666685,0.83333333333333359,10.666666666666666,1.6666666666666679,12.333333333333327,1.0000000000000007,0.12333333333333325,0.72333333333333327,3.223333333333334,0.26414761134025994,0.61728127047639925,0.6172812704763988,0
"evaluation_022","evaluation","ambiguous","frozen_motor_attention",1.0000000000000007,0,1.0000000000000007,6.9999999999999991,1.3333333333333341,8.3333333333333357,1.0000000000000007,0.083333333333333329,0.68333333333333357,3.683333333333334,0.26414761134025994,0.61728127047639925,0.6172812704763988,0
"evaluation_022","evaluation","ambiguous","reset_memory",1.0000000000000007,0,1.0000000000000007,5.333333333333333,1.8800000000000008,7.2133333333333338,1.0000000000000007,0.072133333333333341,0.67213333333333347,3.6721333333333344,0.26414761134025994,0.61728127047639925,0.6172812704763988,0
"evaluation_022","evaluation","intermediate","active",0.99999999999999967,0.84999999999999998,0.14999999999999997,21.096666666666678,3.5799999999999996,24.676666666666666,0.99999999999999967,0.24676666666666666,0.84676666666666645,1.2967666666666668,0.23247095853774544,0.4863622732412532,0.48636227324125336,0
"evaluation_022","evaluation","intermediate","no_epistemic",0.99999999999999989,0.65000000000000002,0.34999999999999992,17.670000000000002,3.0199999999999996,20.690000000000005,0,0.2069,0.2069,1.2568999999999999,0.55299999999999994,1.2107499083865674,1.2107499083865669,0
"evaluation_022","evaluation","intermediate","no_look",0.99999999999999989,0.65000000000000002,0.34999999999999992,17.670000000000002,3.0199999999999996,20.690000000000005,0,0.2069,0.2069,1.2568999999999999,0.55299999999999994,1.2107499083865674,1.2107499083865669,0
"evaluation_022","evaluation","intermediate","matched_random_look",0.99999999999999944,0.78333333333333321,0.21666666666666676,19.954444444444452,3.3933333333333322,23.34777777777779,0.66666666666666641,0.23347777777777781,0.6334777777777777,1.2834777777777773,0.33931397235849686,0.72782481828969103,0.72782481828969059,0
"evaluation_022","evaluation","intermediate","compiled_matched",0.99999999999999967,0.84999999999999998,0.14999999999999997,21.096666666666678,3.5799999999999996,24.676666666666666,0.99999999999999967,0.24676666666666666,0.84676666666666645,1.2967666666666668,0.23247095853774544,0.4863622732412532,0.48636227324125336,0
"evaluation_022","evaluation","intermediate","oracle",0.99999999999999989,0.99999999999999989,0,23.666666666666668,3.9999999999999996,27.666666666666671,0,0.27666666666666667,0.27666666666666667,0.27666666666666667,0,0,0,0
"evaluation_022","evaluation","intermediate","frozen_motor_keys",0.99999999999999967,0.1666666666666666,0.83333333333333315,10.666666666666661,1.6666666666666661,12.333333333333336,0.99999999999999967,0.12333333333333336,0.72333333333333327,3.2233333333333345,0.23247095853774544,0.4863622732412532,0.48636227324125336,0
"evaluation_022","evaluation","intermediate","frozen_motor_attention",0.99999999999999967,0,0.99999999999999967,7.0000000000000036,1.333333333333333,8.3333333333333357,0.99999999999999967,0.083333333333333315,0.68333333333333346,3.683333333333334,0.23247095853774544,0.4863622732412532,0.48636227324125336,0
"evaluation_022","evaluation","intermediate","reset_memory",0.99999999999999967,0,0.99999999999999967,5.3333333333333357,1.8799999999999997,7.2133333333333356,0.99999999999999967,0.072133333333333313,0.67213333333333303,3.672133333333333,0.23247095853774544,0.4863622732412532,0.48636227324125336,0
"evaluation_022","evaluation","reliable","active",1,0.90000000000000002,0.099999999999999978,21.953333333333333,3.7200000000000002,25.673333333333336,0,0.25673333333333331,0.25673333333333331,0.55673333333333319,0.18799999999999994,0.486026764634858,0.48602676463485794,0
"evaluation_022","evaluation","reliable","no_epistemic",1,0.90000000000000002,0.099999999999999978,21.953333333333333,3.7200000000000002,25.673333333333336,0,0.25673333333333331,0.25673333333333331,0.55673333333333319,0.18799999999999994,0.486026764634858,0.48602676463485794,0
"evaluation_022","evaluation","reliable","no_look",1,0.90000000000000002,0.099999999999999978,21.953333333333333,3.7200000000000002,25.673333333333336,0,0.25673333333333331,0.25673333333333331,0.55673333333333319,0.18799999999999994,0.486026764634858,0.48602676463485794,0
"evaluation_022","evaluation","reliable","matched_random_look",0.99999999999999944,0.90000000000000002,0.099999999999999936,21.95333333333333,3.7200000000000002,25.673333333333336,0.66666666666666619,0.25673333333333354,0.65673333333333361,0.95673333333333355,0.14808832614942521,0.31872908816036061,0.31872908816036055,0
"evaluation_022","evaluation","reliable","compiled_matched",1,0.90000000000000002,0.099999999999999978,21.953333333333333,3.7200000000000002,25.673333333333336,0,0.25673333333333331,0.25673333333333331,0.55673333333333319,0.18799999999999994,0.486026764634858,0.48602676463485794,0
"evaluation_022","evaluation","reliable","oracle",1,1,0,23.666666666666668,4,27.666666666666668,0,0.27666666666666662,0.27666666666666662,0.27666666666666662,0,0,0,0
"evaluation_022","evaluation","reliable","frozen_motor_keys",1,0.16666666666666666,0.83333333333333337,10.666666666666666,1.6666666666666667,12.333333333333334,0,0.12333333333333334,0.12333333333333334,2.6233333333333331,0.18799999999999994,0.486026764634858,0.48602676463485794,0
"evaluation_022","evaluation","reliable","frozen_motor_attention",1,0,1,6.9999999999999991,1.3333333333333333,8.3333333333333339,0,0.083333333333333329,0.083333333333333329,3.0833333333333335,0.18799999999999994,0.486026764634858,0.48602676463485794,0
"evaluation_022","evaluation","reliable","reset_memory",1,0,1,5.333333333333333,1.9200000000000002,7.253333333333333,0,0.072533333333333352,0.072533333333333352,3.0725333333333329,0.18799999999999994,0.486026764634858,0.48602676463485794,0
"evaluation_023","evaluation","ambiguous","active",1.0000000000000007,0.84999999999999998,0.15000000000000005,14.633333333333331,3.5800000000000005,18.213333333333338,1.0000000000000007,0.18213333333333337,0.78213333333333335,1.2321333333333333,0.26414761134025994,0.61728127047639925,0.6172812704763988,0
"evaluation_023","evaluation","ambiguous","no_epistemic",1.0000000000000007,0.84999999999999998,0.15000000000000005,14.633333333333331,3.5800000000000005,18.213333333333338,1.0000000000000007,0.18213333333333337,0.78213333333333335,1.2321333333333333,0.26414761134025994,0.61728127047639925,0.6172812704763988,0
"evaluation_023","evaluation","ambiguous","no_look",1,0.40000000000000008,0.59999999999999998,9.533333333333335,2.3200000000000003,11.853333333333333,0,0.11853333333333337,0.11853333333333337,1.9185333333333332,0.7679999999999999,1.6386744144697165,1.638674414469717,0
"evaluation_023","evaluation","ambiguous","matched_random_look",0.99999999999999922,0.70000000000000018,0.3000000000000001,12.933333333333335,3.1600000000000006,16.093333333333334,0.66666666666666663,0.1609333333333334,0.56093333333333362,1.4609333333333332,0.43209840756017304,0.95774565180750459,0.95774565180750482,0
"evaluation_023","evaluation","ambiguous","compiled_matched",1.0000000000000007,0.84999999999999998,0.15000000000000005,14.633333333333331,3.5800000000000005,18.213333333333338,1.0000000000000007,0.18213333333333337,0.78213333333333335,1.2321333333333333,0.26414761134025994,0.61728127047639925,0.6172812704763988,0
"evaluation_023","evaluation","ambiguous","oracle",1,1,0,16.333333333333332,4,20.333333333333332,0,0.20333333333333337,0.20333333333333337,0.20333333333333337,0,0,0,0
"evaluation_023","evaluation","ambiguous","frozen_motor_keys",1.0000000000000007,0.16666666666666685,0.83333333333333359,5.1666666666666687,1.6666666666666679,6.8333333333333366,1.0000000000000007,0.068333333333333315,0.66833333333333311,3.168333333333333,0.26414761134025994,0.61728127047639925,0.6172812704763988,0
"evaluation_023","evaluation","ambiguous","frozen_motor_attention",1.0000000000000007,0,1.0000000000000007,3.0000000000000013,1.3333333333333341,4.3333333333333321,1.0000000000000007,0.043333333333333328,0.64333333333333342,3.6433333333333322,0.26414761134025994,0.61728127047639925,0.6172812704763988,0
"evaluation_023","evaluation","ambiguous","reset_memory",1.0000000000000007,0,1.0000000000000007,4.3333333333333348,1.8800000000000008,6.213333333333332,1.0000000000000007,0.062133333333333346,0.66213333333333335,3.6621333333333337,0.26414761134025994,0.61728127047639925,0.6172812704763988,0
"evaluation_023","evaluation","intermediate","active",0.99999999999999967,0.84999999999999998,0.14999999999999997,14.633333333333338,3.5799999999999996,18.213333333333342,0.99999999999999967,0.18213333333333337,0.78213333333333335,1.2321333333333331,0.23247095853774544,0.4863622732412532,0.48636227324125336,0
"evaluation_023","evaluation","intermediate","no_epistemic",0.99999999999999989,0.65000000000000002,0.34999999999999992,12.366666666666667,3.0199999999999996,15.386666666666665,0,0.15386666666666668,0.15386666666666668,1.2038666666666666,0.55299999999999994,1.2107499083865674,1.2107499083865669,0
"evaluation_023","evaluation","intermediate","no_look",0.99999999999999989,0.65000000000000002,0.34999999999999992,12.366666666666667,3.0199999999999996,15.386666666666665,0,0.15386666666666668,0.15386666666666668,1.2038666666666666,0.55299999999999994,1.2107499083865674,1.2107499083865669,0
"evaluation_023","evaluation","intermediate","matched_random_look",0.99999999999999944,0.78333333333333321,0.21666666666666676,13.877777777777778,3.3933333333333322,17.271111111111111,0.66666666666666641,0.17271111111111101,0.57271111111111128,1.2227111111111109,0.33931397235849686,0.72782481828969103,0.72782481828969059,0
"evaluation_023","evaluation","intermediate","compiled_matched",0.99999999999999967,0.84999999999999998,0.14999999999999997,14.633333333333338,3.5799999999999996,18.213333333333342,0.99999999999999967,0.18213333333333337,0.78213333333333335,1.2321333333333331,0.23247095853774544,0.4863622732412532,0.48636227324125336,0
"evaluation_023","evaluation","intermediate","oracle",0.99999999999999989,0.99999999999999989,0,16.333333333333332,3.9999999999999996,20.333333333333332,0,0.20333333333333334,0.20333333333333334,0.20333333333333334,0,0,0,0
"evaluation_023","evaluation","intermediate","frozen_motor_keys",0.99999999999999967,0.1666666666666666,0.83333333333333315,5.1666666666666643,1.6666666666666661,6.8333333333333313,0.99999999999999967,0.068333333333333399,0.66833333333333333,3.168333333333333,0.23247095853774544,0.4863622732412532,0.48636227324125336,0
"evaluation_023","evaluation","intermediate","frozen_motor_attention",0.99999999999999967,0,0.99999999999999967,3,1.333333333333333,4.3333333333333348,0.99999999999999967,0.043333333333333356,0.64333333333333309,3.6433333333333322,0.23247095853774544,0.4863622732412532,0.48636227324125336,0
"evaluation_023","evaluation","intermediate","reset_memory",0.99999999999999967,0,0.99999999999999967,4.333333333333333,1.8799999999999997,6.2133333333333356,0.99999999999999967,0.062133333333333339,0.66213333333333335,3.6621333333333319,0.23247095853774544,0.4863622732412532,0.48636227324125336,0
"evaluation_023","evaluation","reliable","active",1,0.90000000000000002,0.099999999999999978,15.199999999999998,3.7200000000000002,18.920000000000005,0,0.18920000000000003,0.18920000000000003,0.48920000000000002,0.18799999999999994,0.486026764634858,0.48602676463485794,0
"evaluation_023","evaluation","reliable","no_epistemic",1,0.90000000000000002,0.099999999999999978,15.199999999999998,3.7200000000000002,18.920000000000005,0,0.18920000000000003,0.18920000000000003,0.48920000000000002,0.18799999999999994,0.486026764634858,0.48602676463485794,0
"evaluation_023","evaluation","reliable","no_look",1,0.90000000000000002,0.099999999999999978,15.199999999999998,3.7200000000000002,18.920000000000005,0,0.18920000000000003,0.18920000000000003,0.48920000000000002,0.18799999999999994,0.486026764634858,0.48602676463485794,0
"evaluation_023","evaluation","reliable","matched_random_look",0.99999999999999944,0.90000000000000002,0.099999999999999936,15.199999999999996,3.7200000000000002,18.920000000000005,0.66666666666666619,0.18920000000000003,0.58920000000000039,0.88920000000000032,0.14808832614942521,0.31872908816036061,0.31872908816036055,0
"evaluation_023","evaluation","reliable","compiled_matched",1,0.90000000000000002,0.099999999999999978,15.199999999999998,3.7200000000000002,18.920000000000005,0,0.18920000000000003,0.18920000000000003,0.48920000000000002,0.18799999999999994,0.486026764634858,0.48602676463485794,0
"evaluation_023","evaluation","reliable","oracle",1,1,0,16.333333333333332,4,20.333333333333336,0,0.20333333333333337,0.20333333333333337,0.20333333333333337,0,0,0,0
"evaluation_023","evaluation","reliable","frozen_motor_keys",1,0.16666666666666666,0.83333333333333337,5.166666666666667,1.6666666666666667,6.833333333333333,0,0.068333333333333343,0.068333333333333343,2.5683333333333334,0.18799999999999994,0.486026764634858,0.48602676463485794,0
"evaluation_023","evaluation","reliable","frozen_motor_attention",1,0,1,3,1.3333333333333333,4.333333333333333,0,0.043333333333333342,0.043333333333333342,3.043333333333333,0.18799999999999994,0.486026764634858,0.48602676463485794,0
"evaluation_023","evaluation","reliable","reset_memory",1,0,1,4.3333333333333339,1.9200000000000002,6.253333333333333,0,0.062533333333333344,0.062533333333333344,3.0625333333333331,0.18799999999999994,0.486026764634858,0.48602676463485794,0
"evaluation_024","evaluation","ambiguous","active",1.0000000000000007,0.84999999999999998,0.15000000000000005,18.779999999999994,3.5800000000000005,22.36000000000001,1.0000000000000007,0.22359999999999994,0.82359999999999989,1.2736000000000001,0.26414761134025994,0.61728127047639925,0.6172812704763988,0
"evaluation_024","evaluation","ambiguous","no_epistemic",1.0000000000000007,0.84999999999999998,0.15000000000000005,18.779999999999994,3.5800000000000005,22.36000000000001,1.0000000000000007,0.22359999999999994,0.82359999999999989,1.2736000000000001,0.26414761134025994,0.61728127047639925,0.6172812704763988,0
"evaluation_024","evaluation","ambiguous","no_look",1,0.40000000000000008,0.59999999999999998,12.119999999999999,2.3200000000000003,14.440000000000003,0,0.1444,0.1444,1.9443999999999999,0.7679999999999999,1.6386744144697165,1.638674414469717,0
"evaluation_024","evaluation","ambiguous","matched_random_look",0.99999999999999922,0.70000000000000018,0.3000000000000001,16.559999999999999,3.1600000000000006,19.719999999999995,0.66666666666666663,0.19719999999999996,0.59720000000000029,1.4971999999999996,0.43209840756017304,0.95774565180750459,0.95774565180750482,0
"evaluation_024","evaluation","ambiguous","compiled_matched",1.0000000000000007,0.84999999999999998,0.15000000000000005,18.779999999999994,3.5800000000000005,22.36000000000001,1.0000000000000007,0.22359999999999994,0.82359999999999989,1.2736000000000001,0.26414761134025994,0.61728127047639925,0.6172812704763988,0
"evaluation_024","evaluation","ambiguous","oracle",1,1,0,21,4,25,0,0.25,0.25,0.25,0,0,0,0
"evaluation_024","evaluation","ambiguous","frozen_motor_keys",1.0000000000000007,0.16666666666666685,0.83333333333333359,11.333333333333336,1.6666666666666679,13,1.0000000000000007,0.13000000000000006,0.72999999999999998,3.2300000000000004,0.26414761134025994,0.61728127047639925,0.6172812704763988,0
"evaluation_024","evaluation","ambiguous","frozen_motor_attention",1.0000000000000007,0,1.0000000000000007,8.0000000000000053,1.3333333333333341,9.3333333333333304,1.0000000000000007,0.093333333333333338,0.69333333333333336,3.6933333333333365,0.26414761134025994,0.61728127047639925,0.6172812704763988,0
"evaluation_024","evaluation","ambiguous","reset_memory",1.0000000000000007,0,1.0000000000000007,5,1.8800000000000008,6.8799999999999981,1.0000000000000007,0.068800000000000014,0.66880000000000006,3.6688000000000014,0.26414761134025994,0.61728127047639925,0.6172812704763988,0
"evaluation_024","evaluation","intermediate","active",0.99999999999999967,0.84999999999999998,0.14999999999999997,18.779999999999998,3.5799999999999996,22.36000000000001,0.99999999999999967,0.22359999999999999,0.82360000000000033,1.2735999999999998,0.23247095853774544,0.4863622732412532,0.48636227324125336,0
"evaluation_024","evaluation","intermediate","no_epistemic",0.99999999999999989,0.65000000000000002,0.34999999999999992,15.82,3.0199999999999996,18.84,0,0.18839999999999998,0.18839999999999998,1.2383999999999999,0.55299999999999994,1.2107499083865674,1.2107499083865669,0
"evaluation_024","evaluation","intermediate","no_look",0.99999999999999989,0.65000000000000002,0.34999999999999992,15.82,3.0199999999999996,18.84,0,0.18839999999999998,0.18839999999999998,1.2383999999999999,0.55299999999999994,1.2107499083865674,1.2107499083865669,0
"evaluation_024","evaluation","intermediate","matched_random_look",0.99999999999999944,0.78333333333333321,0.21666666666666676,17.79333333333334,3.3933333333333322,21.186666666666667,0.66666666666666641,0.21186666666666656,0.61186666666666678,1.2618666666666667,0.33931397235849686,0.72782481828969103,0.72782481828969059,0
"evaluation_024","evaluation","intermediate","compiled_matched",0.99999999999999967,0.84999999999999998,0.14999999999999997,18.779999999999998,3.5799999999999996,22.36000000000001,0.99999999999999967,0.22359999999999999,0.82360000000000033,1.2735999999999998,0.23247095853774544,0.4863622732412532,0.48636227324125336,0
"evaluation_024","evaluation","intermediate","oracle",0.99999999999999989,0.99999999999999989,0,21,3.9999999999999996,25,0,0.25,0.25,0.25,0,0,0,0
"evaluation_024","evaluation","intermediate","frozen_motor_keys",0.99999999999999967,0.1666666666666666,0.83333333333333315,11.33333333333333,1.6666666666666661,12.999999999999995,0.99999999999999967,0.12999999999999992,0.73000000000000009,3.23,0.23247095853774544,0.4863622732412532,0.48636227324125336,0
"evaluation_024","evaluation","intermediate","frozen_motor_attention",0.99999999999999967,0,0.99999999999999967,7.9999999999999973,1.333333333333333,9.3333333333333375,0.99999999999999967,0.093333333333333324,0.69333333333333325,3.693333333333332,0.23247095853774544,0.4863622732412532,0.48636227324125336,0
"evaluation_024","evaluation","intermediate","reset_memory",0.99999999999999967,0,0.99999999999999967,5.0000000000000009,1.8799999999999997,6.8799999999999999,0.99999999999999967,0.0688,0.66880000000000017,3.6687999999999987,0.23247095853774544,0.4863622732412532,0.48636227324125336,0
"evaluation_024","evaluation","reliable","active",1,0.90000000000000002,0.099999999999999978,19.52,3.7200000000000002,23.239999999999998,0,0.23240000000000005,0.23240000000000005,0.53239999999999998,0.18799999999999994,0.486026764634858,0.48602676463485794,0
"evaluation_024","evaluation","reliable","no_epistemic",1,0.90000000000000002,0.099999999999999978,19.52,3.7200000000000002,23.239999999999998,0,0.23240000000000005,0.23240000000000005,0.53239999999999998,0.18799999999999994,0.486026764634858,0.48602676463485794,0
"evaluation_024","evaluation","reliable","no_look",1,0.90000000000000002,0.099999999999999978,19.52,3.7200000000000002,23.239999999999998,0,0.23240000000000005,0.23240000000000005,0.53239999999999998,0.18799999999999994,0.486026764634858,0.48602676463485794,0
"evaluation_024","evaluation","reliable","matched_random_look",0.99999999999999944,0.90000000000000002,0.099999999999999936,19.52,3.7200000000000002,23.240000000000006,0.66666666666666619,0.23239999999999997,0.63240000000000041,0.93240000000000034,0.14808832614942521,0.31872908816036061,0.31872908816036055,0
"evaluation_024","evaluation","reliable","compiled_matched",1,0.90000000000000002,0.099999999999999978,19.52,3.7200000000000002,23.239999999999998,0,0.23240000000000005,0.23240000000000005,0.53239999999999998,0.18799999999999994,0.486026764634858,0.48602676463485794,0
"evaluation_024","evaluation","reliable","oracle",1,1,0,21.000000000000004,4,25,0,0.25,0.25,0.25,0,0,0,0
"evaluation_024","evaluation","reliable","frozen_motor_keys",1,0.16666666666666666,0.83333333333333337,11.333333333333336,1.6666666666666667,13,0,0.12999999999999998,0.12999999999999998,2.6300000000000003,0.18799999999999994,0.486026764634858,0.48602676463485794,0
"evaluation_024","evaluation","reliable","frozen_motor_attention",1,0,1,8,1.3333333333333333,9.3333333333333304,0,0.093333333333333338,0.093333333333333338,3.0933333333333333,0.18799999999999994,0.486026764634858,0.48602676463485794,0
"evaluation_024","evaluation","reliable","reset_memory",1,0,1,5,1.9200000000000002,6.919999999999999,0,0.069199999999999998,0.069199999999999998,3.0691999999999999,0.18799999999999994,0.486026764634858,0.48602676463485794,0
"geometry_transfer_001","geometry_transfer","ambiguous","active",1.0000000000000007,0.84999999999999998,0.15000000000000005,17.143333333333334,3.5800000000000005,20.723333333333333,1.0000000000000007,0.2072333333333333,0.80723333333333336,1.2572333333333334,0.26414761134025994,0.61728127047639925,0.6172812704763988,0
"geometry_transfer_001","geometry_transfer","ambiguous","no_epistemic",1.0000000000000007,0.84999999999999998,0.15000000000000005,17.143333333333334,3.5800000000000005,20.723333333333333,1.0000000000000007,0.2072333333333333,0.80723333333333336,1.2572333333333334,0.26414761134025994,0.61728127047639925,0.6172812704763988,0
"geometry_transfer_001","geometry_transfer","ambiguous","no_look",1,0.40000000000000008,0.59999999999999998,13.573333333333332,2.3200000000000003,15.893333333333333,0,0.15893333333333334,0.15893333333333334,1.9589333333333334,0.7679999999999999,1.6386744144697165,1.638674414469717,0
"geometry_transfer_001","geometry_transfer","ambiguous","matched_random_look",0.99999999999999922,0.70000000000000018,0.3000000000000001,15.953333333333331,3.1600000000000006,19.113333333333333,0.66666666666666663,0.19113333333333335,0.5911333333333334,1.4911333333333336,0.43209840756017304,0.95774565180750459,0.95774565180750482,0
"geometry_transfer_001","geometry_transfer","ambiguous","compiled_matched",1.0000000000000007,0.84999999999999998,0.15000000000000005,17.143333333333334,3.5800000000000005,20.723333333333333,1.0000000000000007,0.2072333333333333,0.80723333333333336,1.2572333333333334,0.26414761134025994,0.61728127047639925,0.6172812704763988,0
"geometry_transfer_001","geometry_transfer","ambiguous","oracle",1,1,0,18.333333333333332,4,22.333333333333332,0,0.22333333333333336,0.22333333333333336,0.22333333333333336,0,0,0,0
"geometry_transfer_001","geometry_transfer","ambiguous","frozen_motor_keys",1.0000000000000007,0.16666666666666685,0.83333333333333359,10.83333333333333,1.6666666666666679,12.5,1.0000000000000007,0.12500000000000003,0.72499999999999998,3.2250000000000014,0.26414761134025994,0.61728127047639925,0.6172812704763988,0
"geometry_transfer_001","geometry_transfer","ambiguous","frozen_motor_attention",1.0000000000000007,0,1.0000000000000007,9.0000000000000018,1.3333333333333341,10.33333333333333,1.0000000000000007,0.10333333333333329,0.70333333333333325,3.7033333333333345,0.26414761134025994,0.61728127047639925,0.6172812704763988,0
"geometry_transfer_001","geometry_transfer","ambiguous","reset_memory",1.0000000000000007,0,1.0000000000000007,10,1.8800000000000008,11.880000000000003,1.0000000000000007,0.11879999999999998,0.71880000000000022,3.7188000000000003,0.26414761134025994,0.61728127047639925,0.6172812704763988,0
"geometry_transfer_001","geometry_transfer","intermediate","active",0.99999999999999967,0.84999999999999998,0.14999999999999997,17.143333333333331,3.5799999999999996,20.72333333333334,0.99999999999999967,0.20723333333333335,0.80723333333333314,1.2572333333333334,0.23247095853774544,0.4863622732412532,0.48636227324125336,0
"geometry_transfer_001","geometry_transfer","intermediate","no_epistemic",0.99999999999999989,0.65000000000000002,0.34999999999999992,15.556666666666665,3.0199999999999996,18.576666666666668,0,0.18576666666666666,0.18576666666666666,1.2357666666666665,0.55299999999999994,1.2107499083865674,1.2107499083865669,0
"geometry_transfer_001","geometry_transfer","intermediate","no_look",0.99999999999999989,0.65000000000000002,0.34999999999999992,15.556666666666665,3.0199999999999996,18.576666666666668,0,0.18576666666666666,0.18576666666666666,1.2357666666666665,0.55299999999999994,1.2107499083865674,1.2107499083865669,0
"geometry_transfer_001","geometry_transfer","intermediate","matched_random_look",0.99999999999999944,0.78333333333333321,0.21666666666666676,16.614444444444441,3.3933333333333322,20.007777777777779,0.66666666666666641,0.20007777777777777,0.60007777777777793,1.2500777777777778,0.33931397235849686,0.72782481828969103,0.72782481828969059,0
"geometry_transfer_001","geometry_transfer","intermediate","compiled_matched",0.99999999999999967,0.84999999999999998,0.14999999999999997,17.143333333333331,3.5799999999999996,20.72333333333334,0.99999999999999967,0.20723333333333335,0.80723333333333314,1.2572333333333334,0.23247095853774544,0.4863622732412532,0.48636227324125336,0
"geometry_transfer_001","geometry_transfer","intermediate","oracle",0.99999999999999989,0.99999999999999989,0,18.333333333333332,3.9999999999999996,22.333333333333332,0,0.22333333333333336,0.22333333333333336,0.22333333333333336,0,0,0,0
"geometry_transfer_001","geometry_transfer","intermediate","frozen_motor_keys",0.99999999999999967,0.1666666666666666,0.83333333333333315,10.833333333333334,1.6666666666666661,12.500000000000007,0.99999999999999967,0.12499999999999996,0.72499999999999976,3.2249999999999992,0.23247095853774544,0.4863622732412532,0.48636227324125336,0
"geometry_transfer_001","geometry_transfer","intermediate","frozen_motor_attention",0.99999999999999967,0,0.99999999999999967,9.0000000000000053,1.333333333333333,10.333333333333334,0.99999999999999967,0.10333333333333328,0.70333333333333325,3.7033333333333331,0.23247095853774544,0.4863622732412532,0.48636227324125336,0
"geometry_transfer_001","geometry_transfer","intermediate","reset_memory",0.99999999999999967,0,0.99999999999999967,10.000000000000002,1.8799999999999997,11.880000000000001,0.99999999999999967,0.11879999999999996,0.71879999999999977,3.7187999999999999,0.23247095853774544,0.4863622732412532,0.48636227324125336,0
"geometry_transfer_001","geometry_transfer","reliable","active",1,0.90000000000000002,0.099999999999999978,17.539999999999999,3.7200000000000002,21.259999999999998,0,0.21260000000000004,0.21260000000000004,0.51260000000000006,0.18799999999999994,0.486026764634858,0.48602676463485794,0
"geometry_transfer_001","geometry_transfer","reliable","no_epistemic",1,0.90000000000000002,0.099999999999999978,17.539999999999999,3.7200000000000002,21.259999999999998,0,0.21260000000000004,0.21260000000000004,0.51260000000000006,0.18799999999999994,0.486026764634858,0.48602676463485794,0
"geometry_transfer_001","geometry_transfer","reliable","no_look",1,0.90000000000000002,0.099999999999999978,17.539999999999999,3.7200000000000002,21.259999999999998,0,0.21260000000000004,0.21260000000000004,0.51260000000000006,0.18799999999999994,0.486026764634858,0.48602676463485794,0
"geometry_transfer_001","geometry_transfer","reliable","matched_random_look",0.99999999999999944,0.90000000000000002,0.099999999999999936,17.540000000000003,3.7200000000000002,21.259999999999991,0.66666666666666619,0.2125999999999999,0.61259999999999948,0.91260000000000063,0.14808832614942521,0.31872908816036061,0.31872908816036055,0
"geometry_transfer_001","geometry_transfer","reliable","compiled_matched",1,0.90000000000000002,0.099999999999999978,17.539999999999999,3.7200000000000002,21.259999999999998,0,0.21260000000000004,0.21260000000000004,0.51260000000000006,0.18799999999999994,0.486026764634858,0.48602676463485794,0
"geometry_transfer_001","geometry_transfer","reliable","oracle",1,1,0,18.333333333333332,4,22.333333333333332,0,0.22333333333333336,0.22333333333333336,0.22333333333333336,0,0,0,0
"geometry_transfer_001","geometry_transfer","reliable","frozen_motor_keys",1,0.16666666666666666,0.83333333333333337,10.833333333333334,1.6666666666666667,12.5,0,0.125,0.125,2.625,0.18799999999999994,0.486026764634858,0.48602676463485794,0
"geometry_transfer_001","geometry_transfer","reliable","frozen_motor_attention",1,0,1,8.9999999999999982,1.3333333333333333,10.333333333333334,0,0.10333333333333332,0.10333333333333332,3.1033333333333331,0.18799999999999994,0.486026764634858,0.48602676463485794,0
"geometry_transfer_001","geometry_transfer","reliable","reset_memory",1,0,1,10,1.9200000000000002,11.920000000000002,0,0.11920000000000001,0.11920000000000001,3.1191999999999993,0.18799999999999994,0.486026764634858,0.48602676463485794,0
"geometry_transfer_002","geometry_transfer","ambiguous","active",1.0000000000000007,0.84999999999999998,0.15000000000000005,18.496666666666659,3.5800000000000005,22.076666666666672,1.0000000000000007,0.22076666666666664,0.82076666666666676,1.2707666666666666,0.26414761134025994,0.61728127047639925,0.6172812704763988,0
"geometry_transfer_002","geometry_transfer","ambiguous","no_epistemic",1.0000000000000007,0.84999999999999998,0.15000000000000005,18.496666666666659,3.5800000000000005,22.076666666666672,1.0000000000000007,0.22076666666666664,0.82076666666666676,1.2707666666666666,0.26414761134025994,0.61728127047639925,0.6172812704763988,0
"geometry_transfer_002","geometry_transfer","ambiguous","no_look",1,0.40000000000000008,0.59999999999999998,11.98666666666667,2.3200000000000003,14.306666666666667,0,0.14306666666666668,0.14306666666666668,1.9430666666666665,0.7679999999999999,1.6386744144697165,1.638674414469717,0
"geometry_transfer_002","geometry_transfer","ambiguous","matched_random_look",0.99999999999999922,0.70000000000000018,0.3000000000000001,16.326666666666664,3.1600000000000006,19.486666666666665,0.66666666666666663,0.19486666666666666,0.59486666666666677,1.4948666666666661,0.43209840756017304,0.95774565180750459,0.95774565180750482,0
"geometry_transfer_002","geometry_transfer","ambiguous","compiled_matched",1.0000000000000007,0.84999999999999998,0.15000000000000005,18.496666666666659,3.5800000000000005,22.076666666666672,1.0000000000000007,0.22076666666666664,0.82076666666666676,1.2707666666666666,0.26414761134025994,0.61728127047639925,0.6172812704763988,0
"geometry_transfer_002","geometry_transfer","ambiguous","oracle",1,1,0,20.666666666666668,4,24.666666666666668,0,0.24666666666666667,0.24666666666666667,0.24666666666666667,0,0,0,0
"geometry_transfer_002","geometry_transfer","ambiguous","frozen_motor_keys",1.0000000000000007,0.16666666666666685,0.83333333333333359,10.333333333333334,1.6666666666666679,11.999999999999998,1.0000000000000007,0.11999999999999995,0.72000000000000008,3.2199999999999993,0.26414761134025994,0.61728127047639925,0.6172812704763988,0
"geometry_transfer_002","geometry_transfer","ambiguous","frozen_motor_attention",1.0000000000000007,0,1.0000000000000007,6.9999999999999991,1.3333333333333341,8.3333333333333357,1.0000000000000007,0.083333333333333329,0.68333333333333357,3.683333333333334,0.26414761134025994,0.61728127047639925,0.6172812704763988,0
"geometry_transfer_002","geometry_transfer","ambiguous","reset_memory",1.0000000000000007,0,1.0000000000000007,5.0000000000000018,1.8800000000000008,6.879999999999999,1.0000000000000007,0.0688,0.66880000000000006,3.6688000000000014,0.26414761134025994,0.61728127047639925,0.6172812704763988,0
"geometry_transfer_002","geometry_transfer","intermediate","active",0.99999999999999967,0.84999999999999998,0.14999999999999997,18.496666666666673,3.5799999999999996,22.076666666666668,0.99999999999999967,0.22076666666666669,0.82076666666666664,1.2707666666666659,0.23247095853774544,0.4863622732412532,0.48636227324125336,0
"geometry_transfer_002","geometry_transfer","intermediate","no_epistemic",0.99999999999999989,0.65000000000000002,0.34999999999999992,15.603333333333333,3.0199999999999996,18.623333333333335,0,0.18623333333333333,0.18623333333333333,1.2362333333333333,0.55299999999999994,1.2107499083865674,1.2107499083865669,0
"geometry_transfer_002","geometry_transfer","intermediate","no_look",0.99999999999999989,0.65000000000000002,0.34999999999999992,15.603333333333333,3.0199999999999996,18.623333333333335,0,0.18623333333333333,0.18623333333333333,1.2362333333333333,0.55299999999999994,1.2107499083865674,1.2107499083865669,0
"geometry_transfer_002","geometry_transfer","intermediate","matched_random_look",0.99999999999999944,0.78333333333333321,0.21666666666666676,17.532222222222227,3.3933333333333322,20.925555555555558,0.66666666666666641,0.20925555555555544,0.60925555555555577,1.259255555555556,0.33931397235849686,0.72782481828969103,0.72782481828969059,0
"geometry_transfer_002","geometry_transfer","intermediate","compiled_matched",0.99999999999999967,0.84999999999999998,0.14999999999999997,18.496666666666673,3.5799999999999996,22.076666666666668,0.99999999999999967,0.22076666666666669,0.82076666666666664,1.2707666666666659,0.23247095853774544,0.4863622732412532,0.48636227324125336,0
"geometry_transfer_002","geometry_transfer","intermediate","oracle",0.99999999999999989,0.99999999999999989,0,20.666666666666668,3.9999999999999996,24.666666666666668,0,0.24666666666666667,0.24666666666666667,0.24666666666666667,0,0,0,0
"geometry_transfer_002","geometry_transfer","intermediate","frozen_motor_keys",0.99999999999999967,0.1666666666666666,0.83333333333333315,10.333333333333332,1.6666666666666661,12.000000000000005,0.99999999999999967,0.11999999999999994,0.71999999999999986,3.2200000000000002,0.23247095853774544,0.4863622732412532,0.48636227324125336,0
"geometry_transfer_002","geometry_transfer","intermediate","frozen_motor_attention",0.99999999999999967,0,0.99999999999999967,7.0000000000000036,1.333333333333333,8.3333333333333357,0.99999999999999967,0.083333333333333315,0.68333333333333346,3.683333333333334,0.23247095853774544,0.4863622732412532,0.48636227324125336,0
"geometry_transfer_002","geometry_transfer","intermediate","reset_memory",0.99999999999999967,0,0.99999999999999967,4.9999999999999991,1.8799999999999997,6.8800000000000017,0.99999999999999967,0.068799999999999972,0.66880000000000006,3.6688000000000009,0.23247095853774544,0.4863622732412532,0.48636227324125336,0
"geometry_transfer_002","geometry_transfer","reliable","active",1,0.90000000000000002,0.099999999999999978,19.219999999999999,3.7200000000000002,22.940000000000001,0,0.22940000000000005,0.22940000000000005,0.52939999999999998,0.18799999999999994,0.486026764634858,0.48602676463485794,0
"geometry_transfer_002","geometry_transfer","reliable","no_epistemic",1,0.90000000000000002,0.099999999999999978,19.219999999999999,3.7200000000000002,22.940000000000001,0,0.22940000000000005,0.22940000000000005,0.52939999999999998,0.18799999999999994,0.486026764634858,0.48602676463485794,0
"geometry_transfer_002","geometry_transfer","reliable","no_look",1,0.90000000000000002,0.099999999999999978,19.219999999999999,3.7200000000000002,22.940000000000001,0,0.22940000000000005,0.22940000000000005,0.52939999999999998,0.18799999999999994,0.486026764634858,0.48602676463485794,0
"geometry_transfer_002","geometry_transfer","reliable","matched_random_look",0.99999999999999944,0.90000000000000002,0.099999999999999936,19.220000000000013,3.7200000000000002,22.940000000000008,0.66666666666666619,0.22939999999999997,0.6294000000000004,0.92940000000000034,0.14808832614942521,0.31872908816036061,0.31872908816036055,0
"geometry_transfer_002","geometry_transfer","reliable","compiled_matched",1,0.90000000000000002,0.099999999999999978,19.219999999999999,3.7200000000000002,22.940000000000001,0,0.22940000000000005,0.22940000000000005,0.52939999999999998,0.18799999999999994,0.486026764634858,0.48602676463485794,0
"geometry_transfer_002","geometry_transfer","reliable","oracle",1,1,0,20.666666666666668,4,24.666666666666668,0,0.24666666666666667,0.24666666666666667,0.24666666666666667,0,0,0,0
"geometry_transfer_002","geometry_transfer","reliable","frozen_motor_keys",1,0.16666666666666666,0.83333333333333337,10.333333333333334,1.6666666666666667,12,0,0.12000000000000001,0.12000000000000001,2.6200000000000001,0.18799999999999994,0.486026764634858,0.48602676463485794,0
"geometry_transfer_002","geometry_transfer","reliable","frozen_motor_attention",1,0,1,6.9999999999999991,1.3333333333333333,8.3333333333333339,0,0.083333333333333329,0.083333333333333329,3.0833333333333335,0.18799999999999994,0.486026764634858,0.48602676463485794,0
"geometry_transfer_002","geometry_transfer","reliable","reset_memory",1,0,1,5,1.9200000000000002,6.9200000000000008,0,0.069200000000000012,0.069200000000000012,3.0691999999999999,0.18799999999999994,0.486026764634858,0.48602676463485794,0
"geometry_transfer_003","geometry_transfer","ambiguous","active",1.0000000000000007,0.84999999999999998,0.15000000000000005,22.666666666666671,3.5800000000000005,26.246666666666659,1.0000000000000007,0.26246666666666674,0.8624666666666666,1.3124666666666664,0.26414761134025994,0.61728127047639925,0.6172812704763988,0
"geometry_transfer_003","geometry_transfer","ambiguous","no_epistemic",1.0000000000000007,0.84999999999999998,0.15000000000000005,22.666666666666671,3.5800000000000005,26.246666666666659,1.0000000000000007,0.26246666666666674,0.8624666666666666,1.3124666666666664,0.26414761134025994,0.61728127047639925,0.6172812704763988,0
"geometry_transfer_003","geometry_transfer","ambiguous","no_look",1,0.40000000000000008,0.59999999999999998,13.666666666666666,2.3200000000000003,15.98666666666667,0,0.15986666666666666,0.15986666666666666,1.9598666666666666,0.7679999999999999,1.6386744144697165,1.638674414469717,0
"geometry_transfer_003","geometry_transfer","ambiguous","matched_random_look",0.99999999999999922,0.70000000000000018,0.3000000000000001,19.666666666666664,3.1600000000000006,22.826666666666668,0.66666666666666663,0.2282666666666667,0.62826666666666664,1.5282666666666662,0.43209840756017304,0.95774565180750459,0.95774565180750482,0
"geometry_transfer_003","geometry_transfer","ambiguous","compiled_matched",1.0000000000000007,0.84999999999999998,0.15000000000000005,22.666666666666671,3.5800000000000005,26.246666666666659,1.0000000000000007,0.26246666666666674,0.8624666666666666,1.3124666666666664,0.26414761134025994,0.61728127047639925,0.6172812704763988,0
"geometry_transfer_003","geometry_transfer","ambiguous","oracle",1,1,0,25.666666666666668,4,29.666666666666668,0,0.29666666666666669,0.29666666666666669,0.29666666666666669,0,0,0,0
"geometry_transfer_003","geometry_transfer","ambiguous","frozen_motor_keys",1.0000000000000007,0.16666666666666685,0.83333333333333359,7.3333333333333366,1.6666666666666679,8.9999999999999982,1.0000000000000007,0.090000000000000024,0.68999999999999961,3.1899999999999999,0.26414761134025994,0.61728127047639925,0.6172812704763988,0
"geometry_transfer_003","geometry_transfer","ambiguous","frozen_motor_attention",1.0000000000000007,0,1.0000000000000007,3.0000000000000013,1.3333333333333341,4.3333333333333321,1.0000000000000007,0.043333333333333328,0.64333333333333342,3.6433333333333322,0.26414761134025994,0.61728127047639925,0.6172812704763988,0
"geometry_transfer_003","geometry_transfer","ambiguous","reset_memory",1.0000000000000007,0,1.0000000000000007,4.3333333333333339,1.8800000000000008,6.2133333333333356,1.0000000000000007,0.062133333333333325,0.66213333333333335,3.6621333333333319,0.26414761134025994,0.61728127047639925,0.6172812704763988,0
"geometry_transfer_003","geometry_transfer","intermediate","active",0.99999999999999967,0.84999999999999998,0.14999999999999997,22.666666666666671,3.5799999999999996,26.246666666666673,0.99999999999999967,0.26246666666666668,0.86246666666666671,1.3124666666666662,0.23247095853774544,0.4863622732412532,0.48636227324125336,0
"geometry_transfer_003","geometry_transfer","intermediate","no_epistemic",0.99999999999999989,0.65000000000000002,0.34999999999999992,18.666666666666668,3.0199999999999996,21.686666666666667,0,0.21686666666666665,0.21686666666666665,1.2668666666666666,0.55299999999999994,1.2107499083865674,1.2107499083865669,0
"geometry_transfer_003","geometry_transfer","intermediate","no_look",0.99999999999999989,0.65000000000000002,0.34999999999999992,18.666666666666668,3.0199999999999996,21.686666666666667,0,0.21686666666666665,0.21686666666666665,1.2668666666666666,0.55299999999999994,1.2107499083865674,1.2107499083865669,0
"geometry_transfer_003","geometry_transfer","intermediate","matched_random_look",0.99999999999999944,0.78333333333333321,0.21666666666666676,21.333333333333339,3.3933333333333322,24.72666666666667,0.66666666666666641,0.24726666666666672,0.64726666666666655,1.2972666666666666,0.33931397235849686,0.72782481828969103,0.72782481828969059,0
"geometry_transfer_003","geometry_transfer","intermediate","compiled_matched",0.99999999999999967,0.84999999999999998,0.14999999999999997,22.666666666666671,3.5799999999999996,26.246666666666673,0.99999999999999967,0.26246666666666668,0.86246666666666671,1.3124666666666662,0.23247095853774544,0.4863622732412532,0.48636227324125336,0
"geometry_transfer_003","geometry_transfer","intermediate","oracle",0.99999999999999989,0.99999999999999989,0,25.666666666666668,3.9999999999999996,29.666666666666671,0,0.29666666666666663,0.29666666666666663,0.29666666666666663,0,0,0,0
"geometry_transfer_003","geometry_transfer","intermediate","frozen_motor_keys",0.99999999999999967,0.1666666666666666,0.83333333333333315,7.3333333333333313,1.6666666666666661,9.0000000000000071,0.99999999999999967,0.090000000000000038,0.69000000000000028,3.1899999999999995,0.23247095853774544,0.4863622732412532,0.48636227324125336,0
"geometry_transfer_003","geometry_transfer","intermediate","frozen_motor_attention",0.99999999999999967,0,0.99999999999999967,3,1.333333333333333,4.3333333333333348,0.99999999999999967,0.043333333333333356,0.64333333333333309,3.6433333333333322,0.23247095853774544,0.4863622732412532,0.48636227324125336,0
"geometry_transfer_003","geometry_transfer","intermediate","reset_memory",0.99999999999999967,0,0.99999999999999967,4.333333333333333,1.8799999999999997,6.2133333333333338,0.99999999999999967,0.062133333333333346,0.66213333333333324,3.6621333333333337,0.23247095853774544,0.4863622732412532,0.48636227324125336,0
"geometry_transfer_003","geometry_transfer","reliable","active",1,0.90000000000000002,0.099999999999999978,23.666666666666668,3.7200000000000002,27.386666666666667,0,0.27386666666666665,0.27386666666666665,0.57386666666666664,0.18799999999999994,0.486026764634858,0.48602676463485794,0
"geometry_transfer_003","geometry_transfer","reliable","no_epistemic",1,0.90000000000000002,0.099999999999999978,23.666666666666668,3.7200000000000002,27.386666666666667,0,0.27386666666666665,0.27386666666666665,0.57386666666666664,0.18799999999999994,0.486026764634858,0.48602676463485794,0
"geometry_transfer_003","geometry_transfer","reliable","no_look",1,0.90000000000000002,0.099999999999999978,23.666666666666668,3.7200000000000002,27.386666666666667,0,0.27386666666666665,0.27386666666666665,0.57386666666666664,0.18799999999999994,0.486026764634858,0.48602676463485794,0
"geometry_transfer_003","geometry_transfer","reliable","matched_random_look",0.99999999999999944,0.90000000000000002,0.099999999999999936,23.666666666666671,3.7200000000000002,27.386666666666667,0.66666666666666619,0.27386666666666665,0.67386666666666717,0.97386666666666688,0.14808832614942521,0.31872908816036061,0.31872908816036055,0
"geometry_transfer_003","geometry_transfer","reliable","compiled_matched",1,0.90000000000000002,0.099999999999999978,23.666666666666668,3.7200000000000002,27.386666666666667,0,0.27386666666666665,0.27386666666666665,0.57386666666666664,0.18799999999999994,0.486026764634858,0.48602676463485794,0
"geometry_transfer_003","geometry_transfer","reliable","oracle",1,1,0,25.666666666666668,4,29.666666666666668,0,0.29666666666666663,0.29666666666666663,0.29666666666666663,0,0,0,0
"geometry_transfer_003","geometry_transfer","reliable","frozen_motor_keys",1,0.16666666666666666,0.83333333333333337,7.3333333333333321,1.6666666666666667,9.0000000000000018,0,0.090000000000000011,0.090000000000000011,2.5899999999999999,0.18799999999999994,0.486026764634858,0.48602676463485794,0
"geometry_transfer_003","geometry_transfer","reliable","frozen_motor_attention",1,0,1,3,1.3333333333333333,4.333333333333333,0,0.043333333333333342,0.043333333333333342,3.043333333333333,0.18799999999999994,0.486026764634858,0.48602676463485794,0
"geometry_transfer_003","geometry_transfer","reliable","reset_memory",1,0,1,4.333333333333333,1.9200000000000002,6.253333333333333,0,0.062533333333333344,0.062533333333333344,3.0625333333333331,0.18799999999999994,0.486026764634858,0.48602676463485794,0
"geometry_transfer_004","geometry_transfer","ambiguous","active",1.0000000000000007,0.84999999999999998,0.15000000000000005,19.946666666666662,3.5800000000000005,23.52666666666666,1.0000000000000007,0.23526666666666665,0.8352666666666666,1.2852666666666668,0.26414761134025994,0.61728127047639925,0.6172812704763988,0
"geometry_transfer_004","geometry_transfer","ambiguous","no_epistemic",1.0000000000000007,0.84999999999999998,0.15000000000000005,19.946666666666662,3.5800000000000005,23.52666666666666,1.0000000000000007,0.23526666666666665,0.8352666666666666,1.2852666666666668,0.26414761134025994,0.61728127047639925,0.6172812704763988,0
"geometry_transfer_004","geometry_transfer","ambiguous","no_look",1,0.40000000000000008,0.59999999999999998,11.786666666666667,2.3200000000000003,14.106666666666667,0,0.14106666666666667,0.14106666666666667,1.9410666666666667,0.7679999999999999,1.6386744144697165,1.638674414469717,0
"geometry_transfer_004","geometry_transfer","ambiguous","matched_random_look",0.99999999999999922,0.70000000000000018,0.3000000000000001,17.226666666666667,3.1600000000000006,20.38666666666666,0.66666666666666663,0.20386666666666667,0.60386666666666677,1.5038666666666669,0.43209840756017304,0.95774565180750459,0.95774565180750482,0
"geometry_transfer_004","geometry_transfer","ambiguous","compiled_matched",1.0000000000000007,0.84999999999999998,0.15000000000000005,19.946666666666662,3.5800000000000005,23.52666666666666,1.0000000000000007,0.23526666666666665,0.8352666666666666,1.2852666666666668,0.26414761134025994,0.61728127047639925,0.6172812704763988,0
"geometry_transfer_004","geometry_transfer","ambiguous","oracle",1,1,0,22.666666666666668,4,26.666666666666668,0,0.26666666666666666,0.26666666666666666,0.26666666666666666,0,0,0,0
"geometry_transfer_004","geometry_transfer","ambiguous","frozen_motor_keys",1.0000000000000007,0.16666666666666685,0.83333333333333359,10.499999999999995,1.6666666666666679,12.166666666666666,1.0000000000000007,0.12166666666666671,0.72166666666666657,3.2216666666666676,0.26414761134025994,0.61728127047639925,0.6172812704763988,0
"geometry_transfer_004","geometry_transfer","ambiguous","frozen_motor_attention",1.0000000000000007,0,1.0000000000000007,6.0000000000000027,1.3333333333333341,7.3333333333333357,1.0000000000000007,0.07333333333333332,0.67333333333333323,3.6733333333333338,0.26414761134025994,0.61728127047639925,0.6172812704763988,0
"geometry_transfer_004","geometry_transfer","ambiguous","reset_memory",1.0000000000000007,0,1.0000000000000007,3.3333333333333326,1.8800000000000008,5.2133333333333356,1.0000000000000007,0.052133333333333337,0.65213333333333334,3.652133333333333,0.26414761134025994,0.61728127047639925,0.6172812704763988,0
"geometry_transfer_004","geometry_transfer","intermediate","active",0.99999999999999967,0.84999999999999998,0.14999999999999997,19.946666666666662,3.5799999999999996,23.526666666666674,0.99999999999999967,0.23526666666666662,0.83526666666666693,1.285266666666667,0.23247095853774544,0.4863622732412532,0.48636227324125336,0
"geometry_transfer_004","geometry_transfer","intermediate","no_epistemic",0.99999999999999989,0.65000000000000002,0.34999999999999992,16.320000000000004,3.0199999999999996,19.340000000000003,0,0.19340000000000002,0.19340000000000002,1.2434000000000001,0.55299999999999994,1.2107499083865674,1.2107499083865669,0
"geometry_transfer_004","geometry_transfer","intermediate","no_look",0.99999999999999989,0.65000000000000002,0.34999999999999992,16.320000000000004,3.0199999999999996,19.340000000000003,0,0.19340000000000002,0.19340000000000002,1.2434000000000001,0.55299999999999994,1.2107499083865674,1.2107499083865669,0
"geometry_transfer_004","geometry_transfer","intermediate","matched_random_look",0.99999999999999944,0.78333333333333321,0.21666666666666676,18.73777777777779,3.3933333333333322,22.131111111111121,0.66666666666666641,0.2213111111111111,0.62131111111111104,1.2713111111111111,0.33931397235849686,0.72782481828969103,0.72782481828969059,0
"geometry_transfer_004","geometry_transfer","intermediate","compiled_matched",0.99999999999999967,0.84999999999999998,0.14999999999999997,19.946666666666662,3.5799999999999996,23.526666666666674,0.99999999999999967,0.23526666666666662,0.83526666666666693,1.285266666666667,0.23247095853774544,0.4863622732412532,0.48636227324125336,0
"geometry_transfer_004","geometry_transfer","intermediate","oracle",0.99999999999999989,0.99999999999999989,0,22.666666666666668,3.9999999999999996,26.666666666666668,0,0.26666666666666666,0.26666666666666666,0.26666666666666666,0,0,0,0
"geometry_transfer_004","geometry_transfer","intermediate","frozen_motor_keys",0.99999999999999967,0.1666666666666666,0.83333333333333315,10.500000000000005,1.6666666666666661,12.166666666666663,0.99999999999999967,0.12166666666666666,0.72166666666666668,3.2216666666666658,0.23247095853774544,0.4863622732412532,0.48636227324125336,0
"geometry_transfer_004","geometry_transfer","intermediate","frozen_motor_attention",0.99999999999999967,0,0.99999999999999967,6,1.333333333333333,7.333333333333333,0.99999999999999967,0.07333333333333332,0.67333333333333334,3.6733333333333338,0.23247095853774544,0.4863622732412532,0.48636227324125336,0
"geometry_transfer_004","geometry_transfer","intermediate","reset_memory",0.99999999999999967,0,0.99999999999999967,3.3333333333333353,1.8799999999999997,5.2133333333333329,0.99999999999999967,0.052133333333333344,0.65213333333333345,3.652133333333333,0.23247095853774544,0.4863622732412532,0.48636227324125336,0
"geometry_transfer_004","geometry_transfer","reliable","active",1,0.90000000000000002,0.099999999999999978,20.853333333333332,3.7200000000000002,24.573333333333334,0,0.24573333333333339,0.24573333333333339,0.54573333333333329,0.18799999999999994,0.486026764634858,0.48602676463485794,0
"geometry_transfer_004","geometry_transfer","reliable","no_epistemic",1,0.90000000000000002,0.099999999999999978,20.853333333333332,3.7200000000000002,24.573333333333334,0,0.24573333333333339,0.24573333333333339,0.54573333333333329,0.18799999999999994,0.486026764634858,0.48602676463485794,0
"geometry_transfer_004","geometry_transfer","reliable","no_look",1,0.90000000000000002,0.099999999999999978,20.853333333333332,3.7200000000000002,24.573333333333334,0,0.24573333333333339,0.24573333333333339,0.54573333333333329,0.18799999999999994,0.486026764634858,0.48602676463485794,0
"geometry_transfer_004","geometry_transfer","reliable","matched_random_look",0.99999999999999944,0.90000000000000002,0.099999999999999936,20.853333333333335,3.7200000000000002,24.573333333333334,0.66666666666666619,0.24573333333333347,0.64573333333333371,0.94573333333333354,0.14808832614942521,0.31872908816036061,0.31872908816036055,0
"geometry_transfer_004","geometry_transfer","reliable","compiled_matched",1,0.90000000000000002,0.099999999999999978,20.853333333333332,3.7200000000000002,24.573333333333334,0,0.24573333333333339,0.24573333333333339,0.54573333333333329,0.18799999999999994,0.486026764634858,0.48602676463485794,0
"geometry_transfer_004","geometry_transfer","reliable","oracle",1,1,0,22.666666666666668,4,26.666666666666668,0,0.26666666666666672,0.26666666666666672,0.26666666666666672,0,0,0,0
"geometry_transfer_004","geometry_transfer","reliable","frozen_motor_keys",1,0.16666666666666666,0.83333333333333337,10.5,1.6666666666666667,12.16666666666667,0,0.12166666666666666,0.12166666666666666,2.6216666666666666,0.18799999999999994,0.486026764634858,0.48602676463485794,0
"geometry_transfer_004","geometry_transfer","reliable","frozen_motor_attention",1,0,1,6,1.3333333333333333,7.333333333333333,0,0.073333333333333348,0.073333333333333348,3.0733333333333328,0.18799999999999994,0.486026764634858,0.48602676463485794,0
"geometry_transfer_004","geometry_transfer","reliable","reset_memory",1,0,1,3.3333333333333326,1.9200000000000002,5.2533333333333339,0,0.052533333333333342,0.052533333333333342,3.0525333333333329,0.18799999999999994,0.486026764634858,0.48602676463485794,0
"geometry_transfer_005","geometry_transfer","ambiguous","active",1.0000000000000007,0.84999999999999998,0.15000000000000005,29.583333333333346,3.5800000000000005,33.163333333333327,1.0000000000000007,0.33163333333333339,0.93163333333333354,1.381633333333333,0.26414761134025994,0.61728127047639925,0.6172812704763988,0
"geometry_transfer_005","geometry_transfer","ambiguous","no_epistemic",1.0000000000000007,0.84999999999999998,0.15000000000000005,29.583333333333346,3.5800000000000005,33.163333333333327,1.0000000000000007,0.33163333333333339,0.93163333333333354,1.381633333333333,0.26414761134025994,0.61728127047639925,0.6172812704763988,0
"geometry_transfer_005","geometry_transfer","ambiguous","no_look",1,0.40000000000000008,0.59999999999999998,18.333333333333332,2.3200000000000003,20.653333333333336,0,0.20653333333333332,0.20653333333333332,2.0065333333333331,0.7679999999999999,1.6386744144697165,1.638674414469717,0
"geometry_transfer_005","geometry_transfer","ambiguous","matched_random_look",0.99999999999999922,0.70000000000000018,0.3000000000000001,25.833333333333332,3.1600000000000006,28.993333333333339,0.66666666666666663,0.28993333333333343,0.68993333333333318,1.5899333333333325,0.43209840756017304,0.95774565180750459,0.95774565180750482,0
"geometry_transfer_005","geometry_transfer","ambiguous","compiled_matched",1.0000000000000007,0.84999999999999998,0.15000000000000005,29.583333333333346,3.5800000000000005,33.163333333333327,1.0000000000000007,0.33163333333333339,0.93163333333333354,1.381633333333333,0.26414761134025994,0.61728127047639925,0.6172812704763988,0
"geometry_transfer_005","geometry_transfer","ambiguous","oracle",1,1,0,33.333333333333336,4,37.333333333333336,0,0.37333333333333329,0.37333333333333329,0.37333333333333329,0,0,0,0
"geometry_transfer_005","geometry_transfer","ambiguous","frozen_motor_keys",1.0000000000000007,0.16666666666666685,0.83333333333333359,9.8333333333333304,1.6666666666666679,11.500000000000005,1.0000000000000007,0.11499999999999995,0.71499999999999997,3.2150000000000012,0.26414761134025994,0.61728127047639925,0.6172812704763988,0
"geometry_transfer_005","geometry_transfer","ambiguous","frozen_motor_attention",1.0000000000000007,0,1.0000000000000007,4.9999999999999973,1.3333333333333341,6.3333333333333348,1.0000000000000007,0.063333333333333366,0.66333333333333344,3.6633333333333358,0.26414761134025994,0.61728127047639925,0.6172812704763988,0
"geometry_transfer_005","geometry_transfer","ambiguous","reset_memory",1.0000000000000007,0,1.0000000000000007,6.3333333333333313,1.8800000000000008,8.2133333333333365,1.0000000000000007,0.082133333333333322,0.68213333333333337,3.6821333333333341,0.26414761134025994,0.61728127047639925,0.6172812704763988,0
"geometry_transfer_005","geometry_transfer","intermediate","active",0.99999999999999967,0.84999999999999998,0.14999999999999997,29.583333333333343,3.5799999999999996,33.163333333333334,0.99999999999999967,0.33163333333333339,0.9316333333333332,1.3816333333333333,0.23247095853774544,0.4863622732412532,0.48636227324125336,0
"geometry_transfer_005","geometry_transfer","intermediate","no_epistemic",0.99999999999999989,0.65000000000000002,0.34999999999999992,24.583333333333329,3.0199999999999996,27.603333333333328,0,0.2760333333333333,0.2760333333333333,1.3260333333333334,0.55299999999999994,1.2107499083865674,1.2107499083865669,0
"geometry_transfer_005","geometry_transfer","intermediate","no_look",0.99999999999999989,0.65000000000000002,0.34999999999999992,24.583333333333329,3.0199999999999996,27.603333333333328,0,0.2760333333333333,0.2760333333333333,1.3260333333333334,0.55299999999999994,1.2107499083865674,1.2107499083865669,0
"geometry_transfer_005","geometry_transfer","intermediate","matched_random_look",0.99999999999999944,0.78333333333333321,0.21666666666666676,27.916666666666661,3.3933333333333322,31.309999999999999,0.66666666666666641,0.31309999999999999,0.71309999999999996,1.3631,0.33931397235849686,0.72782481828969103,0.72782481828969059,0
"geometry_transfer_005","geometry_transfer","intermediate","compiled_matched",0.99999999999999967,0.84999999999999998,0.14999999999999997,29.583333333333343,3.5799999999999996,33.163333333333334,0.99999999999999967,0.33163333333333339,0.9316333333333332,1.3816333333333333,0.23247095853774544,0.4863622732412532,0.48636227324125336,0
"geometry_transfer_005","geometry_transfer","intermediate","oracle",0.99999999999999989,0.99999999999999989,0,33.333333333333336,3.9999999999999996,37.333333333333329,0,0.37333333333333329,0.37333333333333329,0.37333333333333329,0,0,0,0
"geometry_transfer_005","geometry_transfer","intermediate","frozen_motor_keys",0.99999999999999967,0.1666666666666666,0.83333333333333315,9.8333333333333393,1.6666666666666661,11.5,0.99999999999999967,0.11499999999999999,0.71500000000000019,3.2150000000000012,0.23247095853774544,0.4863622732412532,0.48636227324125336,0
"geometry_transfer_005","geometry_transfer","intermediate","frozen_motor_attention",0.99999999999999967,0,0.99999999999999967,5.0000000000000044,1.333333333333333,6.3333333333333357,0.99999999999999967,0.063333333333333325,0.66333333333333366,3.6633333333333327,0.23247095853774544,0.4863622732412532,0.48636227324125336,0
"geometry_transfer_005","geometry_transfer","intermediate","reset_memory",0.99999999999999967,0,0.99999999999999967,6.3333333333333366,1.8799999999999997,8.2133333333333329,0.99999999999999967,0.08213333333333335,0.68213333333333326,3.6821333333333341,0.23247095853774544,0.4863622732412532,0.48636227324125336,0
"geometry_transfer_005","geometry_transfer","reliable","active",1,0.90000000000000002,0.099999999999999978,30.833333333333332,3.7200000000000002,34.553333333333335,0,0.3455333333333333,0.3455333333333333,0.64553333333333329,0.18799999999999994,0.486026764634858,0.48602676463485794,0
"geometry_transfer_005","geometry_transfer","reliable","no_epistemic",1,0.90000000000000002,0.099999999999999978,30.833333333333332,3.7200000000000002,34.553333333333335,0,0.3455333333333333,0.3455333333333333,0.64553333333333329,0.18799999999999994,0.486026764634858,0.48602676463485794,0
"geometry_transfer_005","geometry_transfer","reliable","no_look",1,0.90000000000000002,0.099999999999999978,30.833333333333332,3.7200000000000002,34.553333333333335,0,0.3455333333333333,0.3455333333333333,0.64553333333333329,0.18799999999999994,0.486026764634858,0.48602676463485794,0
"geometry_transfer_005","geometry_transfer","reliable","matched_random_look",0.99999999999999944,0.90000000000000002,0.099999999999999936,30.833333333333332,3.7200000000000002,34.553333333333335,0.66666666666666619,0.34553333333333303,0.74553333333333394,1.0455333333333332,0.14808832614942521,0.31872908816036061,0.31872908816036055,0
"geometry_transfer_005","geometry_transfer","reliable","compiled_matched",1,0.90000000000000002,0.099999999999999978,30.833333333333332,3.7200000000000002,34.553333333333335,0,0.3455333333333333,0.3455333333333333,0.64553333333333329,0.18799999999999994,0.486026764634858,0.48602676463485794,0
"geometry_transfer_005","geometry_transfer","reliable","oracle",1,1,0,33.333333333333336,4,37.333333333333336,0,0.37333333333333335,0.37333333333333335,0.37333333333333335,0,0,0,0
"geometry_transfer_005","geometry_transfer","reliable","frozen_motor_keys",1,0.16666666666666666,0.83333333333333337,9.8333333333333321,1.6666666666666667,11.5,0,0.11500000000000003,0.11500000000000003,2.6149999999999998,0.18799999999999994,0.486026764634858,0.48602676463485794,0
"geometry_transfer_005","geometry_transfer","reliable","frozen_motor_attention",1,0,1,4.9999999999999991,1.3333333333333333,6.333333333333333,0,0.063333333333333339,0.063333333333333339,3.063333333333333,0.18799999999999994,0.486026764634858,0.48602676463485794,0
"geometry_transfer_005","geometry_transfer","reliable","reset_memory",1,0,1,6.3333333333333321,1.9200000000000002,8.2533333333333321,0,0.082533333333333361,0.082533333333333361,3.0825333333333327,0.18799999999999994,0.486026764634858,0.48602676463485794,0
"geometry_transfer_006","geometry_transfer","ambiguous","active",1.0000000000000007,0.84999999999999998,0.15000000000000005,24.353333333333335,3.5800000000000005,27.933333333333326,1.0000000000000007,0.27933333333333321,0.87933333333333363,1.3293333333333335,0.26414761134025994,0.61728127047639925,0.6172812704763988,0
"geometry_transfer_006","geometry_transfer","ambiguous","no_epistemic",1.0000000000000007,0.84999999999999998,0.15000000000000005,24.353333333333335,3.5800000000000005,27.933333333333326,1.0000000000000007,0.27933333333333321,0.87933333333333363,1.3293333333333335,0.26414761134025994,0.61728127047639925,0.6172812704763988,0
"geometry_transfer_006","geometry_transfer","ambiguous","no_look",1,0.40000000000000008,0.59999999999999998,15.413333333333334,2.3200000000000003,17.733333333333331,0,0.17733333333333334,0.17733333333333334,1.9773333333333332,0.7679999999999999,1.6386744144697165,1.638674414469717,0
"geometry_transfer_006","geometry_transfer","ambiguous","matched_random_look",0.99999999999999922,0.70000000000000018,0.3000000000000001,21.373333333333338,3.1600000000000006,24.533333333333328,0.66666666666666663,0.24533333333333326,0.64533333333333331,1.545333333333333,0.43209840756017304,0.95774565180750459,0.95774565180750482,0
"geometry_transfer_006","geometry_transfer","ambiguous","compiled_matched",1.0000000000000007,0.84999999999999998,0.15000000000000005,24.353333333333335,3.5800000000000005,27.933333333333326,1.0000000000000007,0.27933333333333321,0.87933333333333363,1.3293333333333335,0.26414761134025994,0.61728127047639925,0.6172812704763988,0
"geometry_transfer_006","geometry_transfer","ambiguous","oracle",1,1,0,27.333333333333332,4,31.333333333333332,0,0.3133333333333333,0.3133333333333333,0.3133333333333333,0,0,0,0
"geometry_transfer_006","geometry_transfer","ambiguous","frozen_motor_keys",1.0000000000000007,0.16666666666666685,0.83333333333333359,13.666666666666673,1.6666666666666679,15.333333333333334,1.0000000000000007,0.15333333333333335,0.75333333333333352,3.2533333333333343,0.26414761134025994,0.61728127047639925,0.6172812704763988,0
"geometry_transfer_006","geometry_transfer","ambiguous","frozen_motor_attention",1.0000000000000007,0,1.0000000000000007,8.0000000000000053,1.3333333333333341,9.3333333333333304,1.0000000000000007,0.093333333333333338,0.69333333333333336,3.6933333333333365,0.26414761134025994,0.61728127047639925,0.6172812704763988,0
"geometry_transfer_006","geometry_transfer","ambiguous","reset_memory",1.0000000000000007,0,1.0000000000000007,6.0000000000000027,1.8800000000000008,7.879999999999999,1.0000000000000007,0.078799999999999981,0.67880000000000029,3.6788000000000021,0.26414761134025994,0.61728127047639925,0.6172812704763988,0
"geometry_transfer_006","geometry_transfer","intermediate","active",0.99999999999999967,0.84999999999999998,0.14999999999999997,24.353333333333335,3.5799999999999996,27.933333333333323,0.99999999999999967,0.27933333333333327,0.8793333333333333,1.3293333333333333,0.23247095853774544,0.4863622732412532,0.48636227324125336,0
"geometry_transfer_006","geometry_transfer","intermediate","no_epistemic",0.99999999999999989,0.65000000000000002,0.34999999999999992,20.379999999999999,3.0199999999999996,23.400000000000002,0,0.23399999999999999,0.23399999999999999,1.2839999999999998,0.55299999999999994,1.2107499083865674,1.2107499083865669,0
"geometry_transfer_006","geometry_transfer","intermediate","no_look",0.99999999999999989,0.65000000000000002,0.34999999999999992,20.379999999999999,3.0199999999999996,23.400000000000002,0,0.23399999999999999,0.23399999999999999,1.2839999999999998,0.55299999999999994,1.2107499083865674,1.2107499083865669,0
"geometry_transfer_006","geometry_transfer","intermediate","matched_random_look",0.99999999999999944,0.78333333333333321,0.21666666666666676,23.028888888888883,3.3933333333333322,26.422222222222228,0.66666666666666641,0.26422222222222219,0.6642222222222226,1.3142222222222226,0.33931397235849686,0.72782481828969103,0.72782481828969059,0
"geometry_transfer_006","geometry_transfer","intermediate","compiled_matched",0.99999999999999967,0.84999999999999998,0.14999999999999997,24.353333333333335,3.5799999999999996,27.933333333333323,0.99999999999999967,0.27933333333333327,0.8793333333333333,1.3293333333333333,0.23247095853774544,0.4863622732412532,0.48636227324125336,0
"geometry_transfer_006","geometry_transfer","intermediate","oracle",0.99999999999999989,0.99999999999999989,0,27.333333333333332,3.9999999999999996,31.333333333333332,0,0.3133333333333333,0.3133333333333333,0.3133333333333333,0,0,0,0
"geometry_transfer_006","geometry_transfer","intermediate","frozen_motor_keys",0.99999999999999967,0.1666666666666666,0.83333333333333315,13.666666666666666,1.6666666666666661,15.333333333333348,0.99999999999999967,0.15333333333333321,0.75333333333333341,3.2533333333333325,0.23247095853774544,0.4863622732412532,0.48636227324125336,0
"geometry_transfer_006","geometry_transfer","intermediate","frozen_motor_attention",0.99999999999999967,0,0.99999999999999967,7.9999999999999973,1.333333333333333,9.3333333333333375,0.99999999999999967,0.093333333333333324,0.69333333333333325,3.693333333333332,0.23247095853774544,0.4863622732412532,0.48636227324125336,0
"geometry_transfer_006","geometry_transfer","intermediate","reset_memory",0.99999999999999967,0,0.99999999999999967,5.9999999999999991,1.8799999999999997,7.8800000000000026,0.99999999999999967,0.078799999999999967,0.67879999999999996,3.6788000000000003,0.23247095853774544,0.4863622732412532,0.48636227324125336,0
"geometry_transfer_006","geometry_transfer","reliable","active",1,0.90000000000000002,0.099999999999999978,25.346666666666668,3.7200000000000002,29.066666666666666,0,0.29066666666666668,0.29066666666666668,0.59066666666666656,0.18799999999999994,0.486026764634858,0.48602676463485794,0
"geometry_transfer_006","geometry_transfer","reliable","no_epistemic",1,0.90000000000000002,0.099999999999999978,25.346666666666668,3.7200000000000002,29.066666666666666,0,0.29066666666666668,0.29066666666666668,0.59066666666666656,0.18799999999999994,0.486026764634858,0.48602676463485794,0
"geometry_transfer_006","geometry_transfer","reliable","no_look",1,0.90000000000000002,0.099999999999999978,25.346666666666668,3.7200000000000002,29.066666666666666,0,0.29066666666666668,0.29066666666666668,0.59066666666666656,0.18799999999999994,0.486026764634858,0.48602676463485794,0
"geometry_transfer_006","geometry_transfer","reliable","matched_random_look",0.99999999999999944,0.90000000000000002,0.099999999999999936,25.346666666666675,3.7200000000000002,29.066666666666652,0.66666666666666619,0.29066666666666657,0.6906666666666671,0.99066666666666681,0.14808832614942521,0.31872908816036061,0.31872908816036055,0
"geometry_transfer_006","geometry_transfer","reliable","compiled_matched",1,0.90000000000000002,0.099999999999999978,25.346666666666668,3.7200000000000002,29.066666666666666,0,0.29066666666666668,0.29066666666666668,0.59066666666666656,0.18799999999999994,0.486026764634858,0.48602676463485794,0
"geometry_transfer_006","geometry_transfer","reliable","oracle",1,1,0,27.333333333333332,4,31.333333333333332,0,0.3133333333333333,0.3133333333333333,0.3133333333333333,0,0,0,0
"geometry_transfer_006","geometry_transfer","reliable","frozen_motor_keys",1,0.16666666666666666,0.83333333333333337,13.666666666666666,1.6666666666666667,15.33333333333333,0,0.15333333333333332,0.15333333333333332,2.6533333333333333,0.18799999999999994,0.486026764634858,0.48602676463485794,0
"geometry_transfer_006","geometry_transfer","reliable","frozen_motor_attention",1,0,1,8,1.3333333333333333,9.3333333333333304,0,0.093333333333333338,0.093333333333333338,3.0933333333333333,0.18799999999999994,0.486026764634858,0.48602676463485794,0
"geometry_transfer_006","geometry_transfer","reliable","reset_memory",1,0,1,6,1.9200000000000002,7.919999999999999,0,0.079200000000000007,0.079200000000000007,3.0792000000000002,0.18799999999999994,0.486026764634858,0.48602676463485794,0
"geometry_transfer_007","geometry_transfer","ambiguous","active",1.0000000000000007,0.84999999999999998,0.15000000000000005,19.429999999999996,3.5800000000000005,23.010000000000002,1.0000000000000007,0.23010000000000008,0.83009999999999995,1.2801,0.26414761134025994,0.61728127047639925,0.6172812704763988,0
"geometry_transfer_007","geometry_transfer","ambiguous","no_epistemic",1.0000000000000007,0.84999999999999998,0.15000000000000005,19.429999999999996,3.5800000000000005,23.010000000000002,1.0000000000000007,0.23010000000000008,0.83009999999999995,1.2801,0.26414761134025994,0.61728127047639925,0.6172812704763988,0
"geometry_transfer_007","geometry_transfer","ambiguous","no_look",1,0.40000000000000008,0.59999999999999998,11.720000000000001,2.3200000000000003,14.040000000000001,0,0.1404,0.1404,1.9404000000000001,0.7679999999999999,1.6386744144697165,1.638674414469717,0
"geometry_transfer_007","geometry_transfer","ambiguous","matched_random_look",0.99999999999999922,0.70000000000000018,0.3000000000000001,16.859999999999999,3.1600000000000006,20.019999999999996,0.66666666666666663,0.20020000000000007,0.60019999999999996,1.5002000000000004,0.43209840756017304,0.95774565180750459,0.95774565180750482,0
"geometry_transfer_007","geometry_transfer","ambiguous","compiled_matched",1.0000000000000007,0.84999999999999998,0.15000000000000005,19.429999999999996,3.5800000000000005,23.010000000000002,1.0000000000000007,0.23010000000000008,0.83009999999999995,1.2801,0.26414761134025994,0.61728127047639925,0.6172812704763988,0
"geometry_transfer_007","geometry_transfer","ambiguous","oracle",1,1,0,22,4,26,0,0.26000000000000001,0.26000000000000001,0.26000000000000001,0,0,0,0
"geometry_transfer_007","geometry_transfer","ambiguous","frozen_motor_keys",1.0000000000000007,0.16666666666666685,0.83333333333333359,8.6666666666666714,1.6666666666666679,10.33333333333333,1.0000000000000007,0.10333333333333339,0.70333333333333348,3.2033333333333327,0.26414761134025994,0.61728127047639925,0.6172812704763988,0
"geometry_transfer_007","geometry_transfer","ambiguous","frozen_motor_attention",1.0000000000000007,0,1.0000000000000007,4.0000000000000027,1.3333333333333341,5.333333333333333,1.0000000000000007,0.053333333333333344,0.65333333333333365,3.6533333333333338,0.26414761134025994,0.61728127047639925,0.6172812704763988,0
"geometry_transfer_007","geometry_transfer","ambiguous","reset_memory",1.0000000000000007,0,1.0000000000000007,3.6666666666666683,1.8800000000000008,5.5466666666666669,1.0000000000000007,0.055466666666666664,0.65546666666666675,3.655466666666666,0.26414761134025994,0.61728127047639925,0.6172812704763988,0
"geometry_transfer_007","geometry_transfer","intermediate","active",0.99999999999999967,0.84999999999999998,0.14999999999999997,19.430000000000007,3.5799999999999996,23.010000000000009,0.99999999999999967,0.23009999999999997,0.83009999999999984,1.2801,0.23247095853774544,0.4863622732412532,0.48636227324125336,0
"geometry_transfer_007","geometry_transfer","intermediate","no_epistemic",0.99999999999999989,0.65000000000000002,0.34999999999999992,16.003333333333334,3.0199999999999996,19.023333333333337,0,0.19023333333333334,0.19023333333333334,1.2402333333333333,0.55299999999999994,1.2107499083865674,1.2107499083865669,0
"geometry_transfer_007","geometry_transfer","intermediate","no_look",0.99999999999999989,0.65000000000000002,0.34999999999999992,16.003333333333334,3.0199999999999996,19.023333333333337,0,0.19023333333333334,0.19023333333333334,1.2402333333333333,0.55299999999999994,1.2107499083865674,1.2107499083865669,0
"geometry_transfer_007","geometry_transfer","intermediate","matched_random_look",0.99999999999999944,0.78333333333333321,0.21666666666666676,18.28777777777778,3.3933333333333322,21.681111111111125,0.66666666666666641,0.21681111111111107,0.61681111111111109,1.2668111111111109,0.33931397235849686,0.72782481828969103,0.72782481828969059,0
"geometry_transfer_007","geometry_transfer","intermediate","compiled_matched",0.99999999999999967,0.84999999999999998,0.14999999999999997,19.430000000000007,3.5799999999999996,23.010000000000009,0.99999999999999967,0.23009999999999997,0.83009999999999984,1.2801,0.23247095853774544,0.4863622732412532,0.48636227324125336,0
"geometry_transfer_007","geometry_transfer","intermediate","oracle",0.99999999999999989,0.99999999999999989,0,22,3.9999999999999996,26,0,0.26000000000000001,0.26000000000000001,0.26000000000000001,0,0,0,0
"geometry_transfer_007","geometry_transfer","intermediate","frozen_motor_keys",0.99999999999999967,0.1666666666666666,0.83333333333333315,8.6666666666666661,1.6666666666666661,10.333333333333345,0.99999999999999967,0.10333333333333328,0.70333333333333314,3.2033333333333327,0.23247095853774544,0.4863622732412532,0.48636227324125336,0
"geometry_transfer_007","geometry_transfer","intermediate","frozen_motor_attention",0.99999999999999967,0,0.99999999999999967,3.9999999999999987,1.333333333333333,5.3333333333333357,0.99999999999999967,0.053333333333333337,0.6533333333333331,3.6533333333333329,0.23247095853774544,0.4863622732412532,0.48636227324125336,0
"geometry_transfer_007","geometry_transfer","intermediate","reset_memory",0.99999999999999967,0,0.99999999999999967,3.6666666666666661,1.8799999999999997,5.5466666666666695,0.99999999999999967,0.055466666666666671,0.65546666666666653,3.6554666666666655,0.23247095853774544,0.4863622732412532,0.48636227324125336,0
"geometry_transfer_007","geometry_transfer","reliable","active",1,0.90000000000000002,0.099999999999999978,20.286666666666665,3.7200000000000002,24.006666666666664,0,0.24006666666666668,0.24006666666666668,0.54006666666666658,0.18799999999999994,0.486026764634858,0.48602676463485794,0
"geometry_transfer_007","geometry_transfer","reliable","no_epistemic",1,0.90000000000000002,0.099999999999999978,20.286666666666665,3.7200000000000002,24.006666666666664,0,0.24006666666666668,0.24006666666666668,0.54006666666666658,0.18799999999999994,0.486026764634858,0.48602676463485794,0
"geometry_transfer_007","geometry_transfer","reliable","no_look",1,0.90000000000000002,0.099999999999999978,20.286666666666665,3.7200000000000002,24.006666666666664,0,0.24006666666666668,0.24006666666666668,0.54006666666666658,0.18799999999999994,0.486026764634858,0.48602676463485794,0
"geometry_transfer_007","geometry_transfer","reliable","matched_random_look",0.99999999999999944,0.90000000000000002,0.099999999999999936,20.286666666666669,3.7200000000000002,24.006666666666661,0.66666666666666619,0.24006666666666662,0.64006666666666701,0.94006666666666694,0.14808832614942521,0.31872908816036061,0.31872908816036055,0
"geometry_transfer_007","geometry_transfer","reliable","compiled_matched",1,0.90000000000000002,0.099999999999999978,20.286666666666665,3.7200000000000002,24.006666666666664,0,0.24006666666666668,0.24006666666666668,0.54006666666666658,0.18799999999999994,0.486026764634858,0.48602676463485794,0
"geometry_transfer_007","geometry_transfer","reliable","oracle",1,1,0,22,4,26,0,0.26000000000000001,0.26000000000000001,0.26000000000000001,0,0,0,0
"geometry_transfer_007","geometry_transfer","reliable","frozen_motor_keys",1,0.16666666666666666,0.83333333333333337,8.6666666666666679,1.6666666666666667,10.33333333333333,0,0.10333333333333333,0.10333333333333333,2.6033333333333335,0.18799999999999994,0.486026764634858,0.48602676463485794,0
"geometry_transfer_007","geometry_transfer","reliable","frozen_motor_attention",1,0,1,4,1.3333333333333333,5.333333333333333,0,0.053333333333333337,0.053333333333333337,3.0533333333333332,0.18799999999999994,0.486026764634858,0.48602676463485794,0
"geometry_transfer_007","geometry_transfer","reliable","reset_memory",1,0,1,3.6666666666666665,1.9200000000000002,5.5866666666666669,0,0.055866666666666676,0.055866666666666676,3.0558666666666667,0.18799999999999994,0.486026764634858,0.48602676463485794,0
"geometry_transfer_008","geometry_transfer","ambiguous","active",1.0000000000000007,0.84999999999999998,0.15000000000000005,22.27999999999999,3.5800000000000005,25.859999999999999,1.0000000000000007,0.25860000000000005,0.85860000000000003,1.3086,0.26414761134025994,0.61728127047639925,0.6172812704763988,0
"geometry_transfer_008","geometry_transfer","ambiguous","no_epistemic",1.0000000000000007,0.84999999999999998,0.15000000000000005,22.27999999999999,3.5800000000000005,25.859999999999999,1.0000000000000007,0.25860000000000005,0.85860000000000003,1.3086,0.26414761134025994,0.61728127047639925,0.6172812704763988,0
"geometry_transfer_008","geometry_transfer","ambiguous","no_look",1,0.40000000000000008,0.59999999999999998,14.119999999999999,2.3200000000000003,16.440000000000001,0,0.16439999999999999,0.16439999999999999,1.9644000000000001,0.7679999999999999,1.6386744144697165,1.638674414469717,0
"geometry_transfer_008","geometry_transfer","ambiguous","matched_random_look",0.99999999999999922,0.70000000000000018,0.3000000000000001,19.559999999999999,3.1600000000000006,22.719999999999995,0.66666666666666663,0.22719999999999999,0.62720000000000009,1.5272000000000003,0.43209840756017304,0.95774565180750459,0.95774565180750482,0
"geometry_transfer_008","geometry_transfer","ambiguous","compiled_matched",1.0000000000000007,0.84999999999999998,0.15000000000000005,22.27999999999999,3.5800000000000005,25.859999999999999,1.0000000000000007,0.25860000000000005,0.85860000000000003,1.3086,0.26414761134025994,0.61728127047639925,0.6172812704763988,0
"geometry_transfer_008","geometry_transfer","ambiguous","oracle",1,1,0,25,4,29,0,0.28999999999999998,0.28999999999999998,0.28999999999999998,0,0,0,0
"geometry_transfer_008","geometry_transfer","ambiguous","frozen_motor_keys",1.0000000000000007,0.16666666666666685,0.83333333333333359,8.1666666666666696,1.6666666666666679,9.8333333333333286,1.0000000000000007,0.098333333333333287,0.69833333333333314,3.1983333333333324,0.26414761134025994,0.61728127047639925,0.6172812704763988,0
"geometry_transfer_008","geometry_transfer","ambiguous","frozen_motor_attention",1.0000000000000007,0,1.0000000000000007,3.0000000000000013,1.3333333333333341,4.3333333333333321,1.0000000000000007,0.043333333333333328,0.64333333333333342,3.6433333333333322,0.26414761134025994,0.61728127047639925,0.6172812704763988,0
"geometry_transfer_008","geometry_transfer","ambiguous","reset_memory",1.0000000000000007,0,1.0000000000000007,5.6666666666666679,1.8800000000000008,7.5466666666666677,1.0000000000000007,0.075466666666666682,0.67546666666666677,3.6754666666666655,0.26414761134025994,0.61728127047639925,0.6172812704763988,0
"geometry_transfer_008","geometry_transfer","intermediate","active",0.99999999999999967,0.84999999999999998,0.14999999999999997,22.280000000000012,3.5799999999999996,25.860000000000003,0.99999999999999967,0.2586,0.8585999999999997,1.3086000000000004,0.23247095853774544,0.4863622732412532,0.48636227324125336,0
"geometry_transfer_008","geometry_transfer","intermediate","no_epistemic",0.99999999999999989,0.65000000000000002,0.34999999999999992,18.653333333333336,3.0199999999999996,21.673333333333336,0,0.21673333333333333,0.21673333333333333,1.2667333333333333,0.55299999999999994,1.2107499083865674,1.2107499083865669,0
"geometry_transfer_008","geometry_transfer","intermediate","no_look",0.99999999999999989,0.65000000000000002,0.34999999999999992,18.653333333333336,3.0199999999999996,21.673333333333336,0,0.21673333333333333,0.21673333333333333,1.2667333333333333,0.55299999999999994,1.2107499083865674,1.2107499083865669,0
"geometry_transfer_008","geometry_transfer","intermediate","matched_random_look",0.99999999999999944,0.78333333333333321,0.21666666666666676,21.071111111111119,3.3933333333333322,24.464444444444457,0.66666666666666641,0.24464444444444436,0.64464444444444446,1.294644444444444,0.33931397235849686,0.72782481828969103,0.72782481828969059,0
"geometry_transfer_008","geometry_transfer","intermediate","compiled_matched",0.99999999999999967,0.84999999999999998,0.14999999999999997,22.280000000000012,3.5799999999999996,25.860000000000003,0.99999999999999967,0.2586,0.8585999999999997,1.3086000000000004,0.23247095853774544,0.4863622732412532,0.48636227324125336,0
"geometry_transfer_008","geometry_transfer","intermediate","oracle",0.99999999999999989,0.99999999999999989,0,25,3.9999999999999996,29,0,0.28999999999999998,0.28999999999999998,0.28999999999999998,0,0,0,0
"geometry_transfer_008","geometry_transfer","intermediate","frozen_motor_keys",0.99999999999999967,0.1666666666666666,0.83333333333333315,8.1666666666666607,1.6666666666666661,9.8333333333333375,0.99999999999999967,0.098333333333333342,0.69833333333333369,3.1983333333333328,0.23247095853774544,0.4863622732412532,0.48636227324125336,0
"geometry_transfer_008","geometry_transfer","intermediate","frozen_motor_attention",0.99999999999999967,0,0.99999999999999967,3,1.333333333333333,4.3333333333333348,0.99999999999999967,0.043333333333333356,0.64333333333333309,3.6433333333333322,0.23247095853774544,0.4863622732412532,0.48636227324125336,0
"geometry_transfer_008","geometry_transfer","intermediate","reset_memory",0.99999999999999967,0,0.99999999999999967,5.666666666666667,1.8799999999999997,7.5466666666666704,0.99999999999999967,0.075466666666666668,0.67546666666666644,3.6754666666666664,0.23247095853774544,0.4863622732412532,0.48636227324125336,0
"geometry_transfer_008","geometry_transfer","reliable","active",1,0.90000000000000002,0.099999999999999978,23.186666666666664,3.7200000000000002,26.906666666666666,0,0.26906666666666662,0.26906666666666662,0.5690666666666665,0.18799999999999994,0.486026764634858,0.48602676463485794,0
"geometry_transfer_008","geometry_transfer","reliable","no_epistemic",1,0.90000000000000002,0.099999999999999978,23.186666666666664,3.7200000000000002,26.906666666666666,0,0.26906666666666662,0.26906666666666662,0.5690666666666665,0.18799999999999994,0.486026764634858,0.48602676463485794,0
"geometry_transfer_008","geometry_transfer","reliable","no_look",1,0.90000000000000002,0.099999999999999978,23.186666666666664,3.7200000000000002,26.906666666666666,0,0.26906666666666662,0.26906666666666662,0.5690666666666665,0.18799999999999994,0.486026764634858,0.48602676463485794,0
"geometry_transfer_008","geometry_transfer","reliable","matched_random_look",0.99999999999999944,0.90000000000000002,0.099999999999999936,23.186666666666667,3.7200000000000002,26.906666666666666,0.66666666666666619,0.26906666666666673,0.6690666666666667,0.96906666666666696,0.14808832614942521,0.31872908816036061,0.31872908816036055,0
"geometry_transfer_008","geometry_transfer","reliable","compiled_matched",1,0.90000000000000002,0.099999999999999978,23.186666666666664,3.7200000000000002,26.906666666666666,0,0.26906666666666662,0.26906666666666662,0.5690666666666665,0.18799999999999994,0.486026764634858,0.48602676463485794,0
"geometry_transfer_008","geometry_transfer","reliable","oracle",1,1,0,25,4,28.999999999999996,0,0.28999999999999998,0.28999999999999998,0.28999999999999998,0,0,0,0
"geometry_transfer_008","geometry_transfer","reliable","frozen_motor_keys",1,0.16666666666666666,0.83333333333333337,8.1666666666666661,1.6666666666666667,9.8333333333333304,0,0.098333333333333314,0.098333333333333314,2.5983333333333336,0.18799999999999994,0.486026764634858,0.48602676463485794,0
"geometry_transfer_008","geometry_transfer","reliable","frozen_motor_attention",1,0,1,3,1.3333333333333333,4.333333333333333,0,0.043333333333333342,0.043333333333333342,3.043333333333333,0.18799999999999994,0.486026764634858,0.48602676463485794,0
"geometry_transfer_008","geometry_transfer","reliable","reset_memory",1,0,1,5.666666666666667,1.9200000000000002,7.586666666666666,0,0.075866666666666679,0.075866666666666679,3.0758666666666663,0.18799999999999994,0.486026764634858,0.48602676463485794,0
"geometry_transfer_009","geometry_transfer","ambiguous","active",1.0000000000000007,0.84999999999999998,0.15000000000000005,16.786666666666669,3.5800000000000005,20.366666666666664,1.0000000000000007,0.20366666666666658,0.80366666666666686,1.2536666666666669,0.26414761134025994,0.61728127047639925,0.6172812704763988,0
"geometry_transfer_009","geometry_transfer","ambiguous","no_epistemic",1.0000000000000007,0.84999999999999998,0.15000000000000005,16.786666666666669,3.5800000000000005,20.366666666666664,1.0000000000000007,0.20366666666666658,0.80366666666666686,1.2536666666666669,0.26414761134025994,0.61728127047639925,0.6172812704763988,0
"geometry_transfer_009","geometry_transfer","ambiguous","no_look",1,0.40000000000000008,0.59999999999999998,11.146666666666668,2.3200000000000003,13.466666666666669,0,0.13466666666666668,0.13466666666666668,1.9346666666666668,0.7679999999999999,1.6386744144697165,1.638674414469717,0
"geometry_transfer_009","geometry_transfer","ambiguous","matched_random_look",0.99999999999999922,0.70000000000000018,0.3000000000000001,14.906666666666661,3.1600000000000006,18.066666666666659,0.66666666666666663,0.18066666666666667,0.58066666666666666,1.4806666666666664,0.43209840756017304,0.95774565180750459,0.95774565180750482,0
"geometry_transfer_009","geometry_transfer","ambiguous","compiled_matched",1.0000000000000007,0.84999999999999998,0.15000000000000005,16.786666666666669,3.5800000000000005,20.366666666666664,1.0000000000000007,0.20366666666666658,0.80366666666666686,1.2536666666666669,0.26414761134025994,0.61728127047639925,0.6172812704763988,0
"geometry_transfer_009","geometry_transfer","ambiguous","oracle",1,1,0,18.666666666666668,4,22.666666666666668,0,0.22666666666666668,0.22666666666666668,0.22666666666666668,0,0,0,0
"geometry_transfer_009","geometry_transfer","ambiguous","frozen_motor_keys",1.0000000000000007,0.16666666666666685,0.83333333333333359,7.8333333333333286,1.6666666666666679,9.5000000000000036,1.0000000000000007,0.095000000000000043,0.69500000000000028,3.1950000000000016,0.26414761134025994,0.61728127047639925,0.6172812704763988,0
"geometry_transfer_009","geometry_transfer","ambiguous","frozen_motor_attention",1.0000000000000007,0,1.0000000000000007,4.9999999999999973,1.3333333333333341,6.3333333333333348,1.0000000000000007,0.063333333333333366,0.66333333333333344,3.6633333333333358,0.26414761134025994,0.61728127047639925,0.6172812704763988,0
"geometry_transfer_009","geometry_transfer","ambiguous","reset_memory",1.0000000000000007,0,1.0000000000000007,5.333333333333333,1.8800000000000008,7.2133333333333347,1.0000000000000007,0.072133333333333341,0.67213333333333336,3.6721333333333335,0.26414761134025994,0.61728127047639925,0.6172812704763988,0
"geometry_transfer_009","geometry_transfer","intermediate","active",0.99999999999999967,0.84999999999999998,0.14999999999999997,16.786666666666665,3.5799999999999996,20.366666666666664,0.99999999999999967,0.20366666666666663,0.80366666666666686,1.2536666666666665,0.23247095853774544,0.4863622732412532,0.48636227324125336,0
"geometry_transfer_009","geometry_transfer","intermediate","no_epistemic",0.99999999999999989,0.65000000000000002,0.34999999999999992,14.280000000000001,3.0199999999999996,17.300000000000001,0,0.17300000000000001,0.17300000000000001,1.2229999999999999,0.55299999999999994,1.2107499083865674,1.2107499083865669,0
"geometry_transfer_009","geometry_transfer","intermediate","no_look",0.99999999999999989,0.65000000000000002,0.34999999999999992,14.280000000000001,3.0199999999999996,17.300000000000001,0,0.17300000000000001,0.17300000000000001,1.2229999999999999,0.55299999999999994,1.2107499083865674,1.2107499083865669,0
"geometry_transfer_009","geometry_transfer","intermediate","matched_random_look",0.99999999999999944,0.78333333333333321,0.21666666666666676,15.951111111111116,3.3933333333333322,19.344444444444452,0.66666666666666641,0.19344444444444439,0.59344444444444477,1.2434444444444444,0.33931397235849686,0.72782481828969103,0.72782481828969059,0
"geometry_transfer_009","geometry_transfer","intermediate","compiled_matched",0.99999999999999967,0.84999999999999998,0.14999999999999997,16.786666666666665,3.5799999999999996,20.366666666666664,0.99999999999999967,0.20366666666666663,0.80366666666666686,1.2536666666666665,0.23247095853774544,0.4863622732412532,0.48636227324125336,0
"geometry_transfer_009","geometry_transfer","intermediate","oracle",0.99999999999999989,0.99999999999999989,0,18.666666666666668,3.9999999999999996,22.666666666666668,0,0.22666666666666668,0.22666666666666668,0.22666666666666668,0,0,0,0
"geometry_transfer_009","geometry_transfer","intermediate","frozen_motor_keys",0.99999999999999967,0.1666666666666666,0.83333333333333315,7.8333333333333419,1.6666666666666661,9.5000000000000018,0.99999999999999967,0.094999999999999973,0.69499999999999995,3.1950000000000003,0.23247095853774544,0.4863622732412532,0.48636227324125336,0
"geometry_transfer_009","geometry_transfer","intermediate","frozen_motor_attention",0.99999999999999967,0,0.99999999999999967,5.0000000000000044,1.333333333333333,6.3333333333333357,0.99999999999999967,0.063333333333333325,0.66333333333333366,3.6633333333333327,0.23247095853774544,0.4863622732412532,0.48636227324125336,0
"geometry_transfer_009","geometry_transfer","intermediate","reset_memory",0.99999999999999967,0,0.99999999999999967,5.3333333333333348,1.8799999999999997,7.2133333333333374,0.99999999999999967,0.072133333333333341,0.67213333333333347,3.672133333333333,0.23247095853774544,0.4863622732412532,0.48636227324125336,0
"geometry_transfer_009","geometry_transfer","reliable","active",1,0.90000000000000002,0.099999999999999978,17.41333333333333,3.7200000000000002,21.133333333333329,0,0.21133333333333335,0.21133333333333335,0.51133333333333331,0.18799999999999994,0.486026764634858,0.48602676463485794,0
"geometry_transfer_009","geometry_transfer","reliable","no_epistemic",1,0.90000000000000002,0.099999999999999978,17.41333333333333,3.7200000000000002,21.133333333333329,0,0.21133333333333335,0.21133333333333335,0.51133333333333331,0.18799999999999994,0.486026764634858,0.48602676463485794,0
"geometry_transfer_009","geometry_transfer","reliable","no_look",1,0.90000000000000002,0.099999999999999978,17.41333333333333,3.7200000000000002,21.133333333333329,0,0.21133333333333335,0.21133333333333335,0.51133333333333331,0.18799999999999994,0.486026764634858,0.48602676463485794,0
"geometry_transfer_009","geometry_transfer","reliable","matched_random_look",0.99999999999999944,0.90000000000000002,0.099999999999999936,17.413333333333334,3.7200000000000002,21.133333333333322,0.66666666666666619,0.21133333333333329,0.61133333333333384,0.91133333333333366,0.14808832614942521,0.31872908816036061,0.31872908816036055,0
"geometry_transfer_009","geometry_transfer","reliable","compiled_matched",1,0.90000000000000002,0.099999999999999978,17.41333333333333,3.7200000000000002,21.133333333333329,0,0.21133333333333335,0.21133333333333335,0.51133333333333331,0.18799999999999994,0.486026764634858,0.48602676463485794,0
"geometry_transfer_009","geometry_transfer","reliable","oracle",1,1,0,18.666666666666664,4,22.666666666666671,0,0.22666666666666666,0.22666666666666666,0.22666666666666666,0,0,0,0
"geometry_transfer_009","geometry_transfer","reliable","frozen_motor_keys",1,0.16666666666666666,0.83333333333333337,7.8333333333333313,1.6666666666666667,9.5,0,0.095000000000000015,0.095000000000000015,2.5949999999999998,0.18799999999999994,0.486026764634858,0.48602676463485794,0
"geometry_transfer_009","geometry_transfer","reliable","frozen_motor_attention",1,0,1,4.9999999999999991,1.3333333333333333,6.333333333333333,0,0.063333333333333339,0.063333333333333339,3.063333333333333,0.18799999999999994,0.486026764634858,0.48602676463485794,0
"geometry_transfer_009","geometry_transfer","reliable","reset_memory",1,0,1,5.333333333333333,1.9200000000000002,7.253333333333333,0,0.072533333333333339,0.072533333333333339,3.0725333333333329,0.18799999999999994,0.486026764634858,0.48602676463485794,0
"geometry_transfer_010","geometry_transfer","ambiguous","active",1.0000000000000007,0.84999999999999998,0.15000000000000005,22.409999999999997,3.5800000000000005,25.990000000000009,1.0000000000000007,0.25990000000000008,0.8599,1.3099000000000001,0.26414761134025994,0.61728127047639925,0.6172812704763988,0
"geometry_transfer_010","geometry_transfer","ambiguous","no_epistemic",1.0000000000000007,0.84999999999999998,0.15000000000000005,22.409999999999997,3.5800000000000005,25.990000000000009,1.0000000000000007,0.25990000000000008,0.8599,1.3099000000000001,0.26414761134025994,0.61728127047639925,0.6172812704763988,0
"geometry_transfer_010","geometry_transfer","ambiguous","no_look",1,0.40000000000000008,0.59999999999999998,14.640000000000001,2.3200000000000003,16.960000000000001,0,0.1696,0.1696,1.9695999999999998,0.7679999999999999,1.6386744144697165,1.638674414469717,0
"geometry_transfer_010","geometry_transfer","ambiguous","matched_random_look",0.99999999999999922,0.70000000000000018,0.3000000000000001,19.81999999999999,3.1600000000000006,22.980000000000004,0.66666666666666663,0.22979999999999998,0.62980000000000003,1.5297999999999996,0.43209840756017304,0.95774565180750459,0.95774565180750482,0
"geometry_transfer_010","geometry_transfer","ambiguous","compiled_matched",1.0000000000000007,0.84999999999999998,0.15000000000000005,22.409999999999997,3.5800000000000005,25.990000000000009,1.0000000000000007,0.25990000000000008,0.8599,1.3099000000000001,0.26414761134025994,0.61728127047639925,0.6172812704763988,0
"geometry_transfer_010","geometry_transfer","ambiguous","oracle",1,1,0,25,4,29,0,0.28999999999999998,0.28999999999999998,0.28999999999999998,0,0,0,0
"geometry_transfer_010","geometry_transfer","ambiguous","frozen_motor_keys",1.0000000000000007,0.16666666666666685,0.83333333333333359,8.0000000000000018,1.6666666666666679,9.666666666666659,1.0000000000000007,0.096666666666666623,0.69666666666666688,3.1966666666666668,0.26414761134025994,0.61728127047639925,0.6172812704763988,0
"geometry_transfer_010","geometry_transfer","ambiguous","frozen_motor_attention",1.0000000000000007,0,1.0000000000000007,4.0000000000000027,1.3333333333333341,5.333333333333333,1.0000000000000007,0.053333333333333344,0.65333333333333365,3.6533333333333338,0.26414761134025994,0.61728127047639925,0.6172812704763988,0
"geometry_transfer_010","geometry_transfer","ambiguous","reset_memory",1.0000000000000007,0,1.0000000000000007,6.666666666666667,1.8800000000000008,8.5466666666666651,1.0000000000000007,0.085466666666666677,0.68546666666666667,3.685466666666668,0.26414761134025994,0.61728127047639925,0.6172812704763988,0
"geometry_transfer_010","geometry_transfer","intermediate","active",0.99999999999999967,0.84999999999999998,0.14999999999999997,22.41,3.5799999999999996,25.990000000000006,0.99999999999999967,0.25989999999999996,0.85989999999999966,1.3099000000000005,0.23247095853774544,0.4863622732412532,0.48636227324125336,0
"geometry_transfer_010","geometry_transfer","intermediate","no_epistemic",0.99999999999999989,0.65000000000000002,0.34999999999999992,18.956666666666663,3.0199999999999996,21.976666666666663,0,0.21976666666666667,0.21976666666666667,1.2697666666666667,0.55299999999999994,1.2107499083865674,1.2107499083865669,0
"geometry_transfer_010","geometry_transfer","intermediate","no_look",0.99999999999999989,0.65000000000000002,0.34999999999999992,18.956666666666663,3.0199999999999996,21.976666666666663,0,0.21976666666666667,0.21976666666666667,1.2697666666666667,0.55299999999999994,1.2107499083865674,1.2107499083865669,0
"geometry_transfer_010","geometry_transfer","intermediate","matched_random_look",0.99999999999999944,0.78333333333333321,0.21666666666666676,21.258888888888883,3.3933333333333322,24.652222222222218,0.66666666666666641,0.2465222222222222,0.64652222222222211,1.2965222222222219,0.33931397235849686,0.72782481828969103,0.72782481828969059,0
"geometry_transfer_010","geometry_transfer","intermediate","compiled_matched",0.99999999999999967,0.84999999999999998,0.14999999999999997,22.41,3.5799999999999996,25.990000000000006,0.99999999999999967,0.25989999999999996,0.85989999999999966,1.3099000000000005,0.23247095853774544,0.4863622732412532,0.48636227324125336,0
"geometry_transfer_010","geometry_transfer","intermediate","oracle",0.99999999999999989,0.99999999999999989,0,25,3.9999999999999996,29.000000000000004,0,0.28999999999999998,0.28999999999999998,0.28999999999999998,0,0,0,0
"geometry_transfer_010","geometry_transfer","intermediate","frozen_motor_keys",0.99999999999999967,0.1666666666666666,0.83333333333333315,7.9999999999999956,1.6666666666666661,9.6666666666666714,0.99999999999999967,0.096666666666666679,0.69666666666666643,3.1966666666666659,0.23247095853774544,0.4863622732412532,0.48636227324125336,0
"geometry_transfer_010","geometry_transfer","intermediate","frozen_motor_attention",0.99999999999999967,0,0.99999999999999967,3.9999999999999987,1.333333333333333,5.3333333333333357,0.99999999999999967,0.053333333333333337,0.6533333333333331,3.6533333333333329,0.23247095853774544,0.4863622732412532,0.48636227324125336,0
"geometry_transfer_010","geometry_transfer","intermediate","reset_memory",0.99999999999999967,0,0.99999999999999967,6.6666666666666679,1.8799999999999997,8.5466666666666669,0.99999999999999967,0.085466666666666649,0.68546666666666634,3.6854666666666662,0.23247095853774544,0.4863622732412532,0.48636227324125336,0
"geometry_transfer_010","geometry_transfer","reliable","active",1,0.90000000000000002,0.099999999999999978,23.27333333333333,3.7200000000000002,26.993333333333336,0,0.26993333333333336,0.26993333333333336,0.56993333333333329,0.18799999999999994,0.486026764634858,0.48602676463485794,0
"geometry_transfer_010","geometry_transfer","reliable","no_epistemic",1,0.90000000000000002,0.099999999999999978,23.27333333333333,3.7200000000000002,26.993333333333336,0,0.26993333333333336,0.26993333333333336,0.56993333333333329,0.18799999999999994,0.486026764634858,0.48602676463485794,0
"geometry_transfer_010","geometry_transfer","reliable","no_look",1,0.90000000000000002,0.099999999999999978,23.27333333333333,3.7200000000000002,26.993333333333336,0,0.26993333333333336,0.26993333333333336,0.56993333333333329,0.18799999999999994,0.486026764634858,0.48602676463485794,0
"geometry_transfer_010","geometry_transfer","reliable","matched_random_look",0.99999999999999944,0.90000000000000002,0.099999999999999936,23.273333333333326,3.7200000000000002,26.993333333333339,0.66666666666666619,0.26993333333333308,0.66993333333333327,0.96993333333333365,0.14808832614942521,0.31872908816036061,0.31872908816036055,0
"geometry_transfer_010","geometry_transfer","reliable","compiled_matched",1,0.90000000000000002,0.099999999999999978,23.27333333333333,3.7200000000000002,26.993333333333336,0,0.26993333333333336,0.26993333333333336,0.56993333333333329,0.18799999999999994,0.486026764634858,0.48602676463485794,0
"geometry_transfer_010","geometry_transfer","reliable","oracle",1,1,0,25,4,28.999999999999996,0,0.28999999999999992,0.28999999999999992,0.28999999999999992,0,0,0,0
"geometry_transfer_010","geometry_transfer","reliable","frozen_motor_keys",1,0.16666666666666666,0.83333333333333337,8,1.6666666666666667,9.6666666666666643,0,0.096666666666666637,0.096666666666666637,2.5966666666666662,0.18799999999999994,0.486026764634858,0.48602676463485794,0
"geometry_transfer_010","geometry_transfer","reliable","frozen_motor_attention",1,0,1,4,1.3333333333333333,5.333333333333333,0,0.053333333333333337,0.053333333333333337,3.0533333333333332,0.18799999999999994,0.486026764634858,0.48602676463485794,0
"geometry_transfer_010","geometry_transfer","reliable","reset_memory",1,0,1,6.666666666666667,1.9200000000000002,8.586666666666666,0,0.085866666666666661,0.085866666666666661,3.0858666666666661,0.18799999999999994,0.486026764634858,0.48602676463485794,0
"geometry_transfer_011","geometry_transfer","ambiguous","active",1.0000000000000007,0.84999999999999998,0.15000000000000005,19.859999999999999,3.5800000000000005,23.440000000000008,1.0000000000000007,0.23440000000000008,0.83440000000000003,1.2843999999999998,0.26414761134025994,0.61728127047639925,0.6172812704763988,0
"geometry_transfer_011","geometry_transfer","ambiguous","no_epistemic",1.0000000000000007,0.84999999999999998,0.15000000000000005,19.859999999999999,3.5800000000000005,23.440000000000008,1.0000000000000007,0.23440000000000008,0.83440000000000003,1.2843999999999998,0.26414761134025994,0.61728127047639925,0.6172812704763988,0
"geometry_transfer_011","geometry_transfer","ambiguous","no_look",1,0.40000000000000008,0.59999999999999998,13.44,2.3200000000000003,15.76,0,0.15760000000000002,0.15760000000000002,1.9576000000000002,0.7679999999999999,1.6386744144697165,1.638674414469717,0
"geometry_transfer_011","geometry_transfer","ambiguous","matched_random_look",0.99999999999999922,0.70000000000000018,0.3000000000000001,17.719999999999995,3.1600000000000006,20.879999999999999,0.66666666666666663,0.20880000000000001,0.60880000000000012,1.5087999999999999,0.43209840756017304,0.95774565180750459,0.95774565180750482,0
"geometry_transfer_011","geometry_transfer","ambiguous","compiled_matched",1.0000000000000007,0.84999999999999998,0.15000000000000005,19.859999999999999,3.5800000000000005,23.440000000000008,1.0000000000000007,0.23440000000000008,0.83440000000000003,1.2843999999999998,0.26414761134025994,0.61728127047639925,0.6172812704763988,0
"geometry_transfer_011","geometry_transfer","ambiguous","oracle",1,1,0,22,4,26,0,0.26000000000000001,0.26000000000000001,0.26000000000000001,0,0,0,0
"geometry_transfer_011","geometry_transfer","ambiguous","frozen_motor_keys",1.0000000000000007,0.16666666666666685,0.83333333333333359,9.8333333333333286,1.6666666666666679,11.500000000000002,1.0000000000000007,0.11499999999999999,0.71499999999999997,3.2150000000000003,0.26414761134025994,0.61728127047639925,0.6172812704763988,0
"geometry_transfer_011","geometry_transfer","ambiguous","frozen_motor_attention",1.0000000000000007,0,1.0000000000000007,6.9999999999999991,1.3333333333333341,8.3333333333333357,1.0000000000000007,0.083333333333333329,0.68333333333333357,3.683333333333334,0.26414761134025994,0.61728127047639925,0.6172812704763988,0
"geometry_transfer_011","geometry_transfer","ambiguous","reset_memory",1.0000000000000007,0,1.0000000000000007,6.6666666666666687,1.8800000000000008,8.5466666666666669,1.0000000000000007,0.085466666666666649,0.68546666666666678,3.685466666666668,0.26414761134025994,0.61728127047639925,0.6172812704763988,0
"geometry_transfer_011","geometry_transfer","intermediate","active",0.99999999999999967,0.84999999999999998,0.14999999999999997,19.860000000000003,3.5799999999999996,23.440000000000001,0.99999999999999967,0.23439999999999994,0.8343999999999997,1.2844,0.23247095853774544,0.4863622732412532,0.48636227324125336,0
"geometry_transfer_011","geometry_transfer","intermediate","no_epistemic",0.99999999999999989,0.65000000000000002,0.34999999999999992,17.006666666666668,3.0199999999999996,20.026666666666671,0,0.2002666666666667,0.2002666666666667,1.2502666666666666,0.55299999999999994,1.2107499083865674,1.2107499083865669,0
"geometry_transfer_011","geometry_transfer","intermediate","no_look",0.99999999999999989,0.65000000000000002,0.34999999999999992,17.006666666666668,3.0199999999999996,20.026666666666671,0,0.2002666666666667,0.2002666666666667,1.2502666666666666,0.55299999999999994,1.2107499083865674,1.2107499083865669,0
"geometry_transfer_011","geometry_transfer","intermediate","matched_random_look",0.99999999999999944,0.78333333333333321,0.21666666666666676,18.908888888888889,3.3933333333333322,22.30222222222223,0.66666666666666641,0.22302222222222221,0.62302222222222203,1.2730222222222218,0.33931397235849686,0.72782481828969103,0.72782481828969059,0
"geometry_transfer_011","geometry_transfer","intermediate","compiled_matched",0.99999999999999967,0.84999999999999998,0.14999999999999997,19.860000000000003,3.5799999999999996,23.440000000000001,0.99999999999999967,0.23439999999999994,0.8343999999999997,1.2844,0.23247095853774544,0.4863622732412532,0.48636227324125336,0
"geometry_transfer_011","geometry_transfer","intermediate","oracle",0.99999999999999989,0.99999999999999989,0,22,3.9999999999999996,26,0,0.26000000000000006,0.26000000000000006,0.26000000000000006,0,0,0,0
"geometry_transfer_011","geometry_transfer","intermediate","frozen_motor_keys",0.99999999999999967,0.1666666666666666,0.83333333333333315,9.8333333333333375,1.6666666666666661,11.5,0.99999999999999967,0.11499999999999999,0.71499999999999986,3.2150000000000012,0.23247095853774544,0.4863622732412532,0.48636227324125336,0
"geometry_transfer_011","geometry_transfer","intermediate","frozen_motor_attention",0.99999999999999967,0,0.99999999999999967,7.0000000000000036,1.333333333333333,8.3333333333333357,0.99999999999999967,0.083333333333333315,0.68333333333333346,3.683333333333334,0.23247095853774544,0.4863622732412532,0.48636227324125336,0
"geometry_transfer_011","geometry_transfer","intermediate","reset_memory",0.99999999999999967,0,0.99999999999999967,6.6666666666666705,1.8799999999999997,8.5466666666666686,0.99999999999999967,0.085466666666666635,0.68546666666666622,3.6854666666666662,0.23247095853774544,0.4863622732412532,0.48636227324125336,0
"geometry_transfer_011","geometry_transfer","reliable","active",1,0.90000000000000002,0.099999999999999978,20.573333333333331,3.7200000000000002,24.293333333333337,0,0.24293333333333336,0.24293333333333336,0.54293333333333338,0.18799999999999994,0.486026764634858,0.48602676463485794,0
"geometry_transfer_011","geometry_transfer","reliable","no_epistemic",1,0.90000000000000002,0.099999999999999978,20.573333333333331,3.7200000000000002,24.293333333333337,0,0.24293333333333336,0.24293333333333336,0.54293333333333338,0.18799999999999994,0.486026764634858,0.48602676463485794,0
"geometry_transfer_011","geometry_transfer","reliable","no_look",1,0.90000000000000002,0.099999999999999978,20.573333333333331,3.7200000000000002,24.293333333333337,0,0.24293333333333336,0.24293333333333336,0.54293333333333338,0.18799999999999994,0.486026764634858,0.48602676463485794,0
"geometry_transfer_011","geometry_transfer","reliable","matched_random_look",0.99999999999999944,0.90000000000000002,0.099999999999999936,20.573333333333323,3.7200000000000002,24.293333333333333,0.66666666666666619,0.24293333333333333,0.64293333333333325,0.94293333333333373,0.14808832614942521,0.31872908816036061,0.31872908816036055,0
"geometry_transfer_011","geometry_transfer","reliable","compiled_matched",1,0.90000000000000002,0.099999999999999978,20.573333333333331,3.7200000000000002,24.293333333333337,0,0.24293333333333336,0.24293333333333336,0.54293333333333338,0.18799999999999994,0.486026764634858,0.48602676463485794,0
"geometry_transfer_011","geometry_transfer","reliable","oracle",1,1,0,22,4,26.000000000000004,0,0.26000000000000001,0.26000000000000001,0.26000000000000001,0,0,0,0
"geometry_transfer_011","geometry_transfer","reliable","frozen_motor_keys",1,0.16666666666666666,0.83333333333333337,9.8333333333333321,1.6666666666666667,11.5,0,0.115,0.115,2.6149999999999998,0.18799999999999994,0.486026764634858,0.48602676463485794,0
"geometry_transfer_011","geometry_transfer","reliable","frozen_motor_attention",1,0,1,6.9999999999999991,1.3333333333333333,8.3333333333333339,0,0.083333333333333329,0.083333333333333329,3.0833333333333335,0.18799999999999994,0.486026764634858,0.48602676463485794,0
"geometry_transfer_011","geometry_transfer","reliable","reset_memory",1,0,1,6.666666666666667,1.9200000000000002,8.586666666666666,0,0.085866666666666661,0.085866666666666661,3.0858666666666665,0.18799999999999994,0.486026764634858,0.48602676463485794,0
"geometry_transfer_012","geometry_transfer","ambiguous","active",1.0000000000000007,0.84999999999999998,0.15000000000000005,24.766666666666666,3.5800000000000005,28.346666666666675,1.0000000000000007,0.28346666666666676,0.88346666666666662,1.333466666666667,0.26414761134025994,0.61728127047639925,0.6172812704763988,0
"geometry_transfer_012","geometry_transfer","ambiguous","no_epistemic",1.0000000000000007,0.84999999999999998,0.15000000000000005,24.766666666666666,3.5800000000000005,28.346666666666675,1.0000000000000007,0.28346666666666676,0.88346666666666662,1.333466666666667,0.26414761134025994,0.61728127047639925,0.6172812704763988,0
"geometry_transfer_012","geometry_transfer","ambiguous","no_look",1,0.40000000000000008,0.59999999999999998,16.066666666666666,2.3200000000000003,18.386666666666667,0,0.18386666666666671,0.18386666666666671,1.9838666666666664,0.7679999999999999,1.6386744144697165,1.638674414469717,0
"geometry_transfer_012","geometry_transfer","ambiguous","matched_random_look",0.99999999999999922,0.70000000000000018,0.3000000000000001,21.86666666666666,3.1600000000000006,25.026666666666667,0.66666666666666663,0.25026666666666669,0.65026666666666677,1.5502666666666667,0.43209840756017304,0.95774565180750459,0.95774565180750482,0
"geometry_transfer_012","geometry_transfer","ambiguous","compiled_matched",1.0000000000000007,0.84999999999999998,0.15000000000000005,24.766666666666666,3.5800000000000005,28.346666666666675,1.0000000000000007,0.28346666666666676,0.88346666666666662,1.333466666666667,0.26414761134025994,0.61728127047639925,0.6172812704763988,0
"geometry_transfer_012","geometry_transfer","ambiguous","oracle",1,1,0,27.666666666666668,4,31.666666666666668,0,0.31666666666666665,0.31666666666666665,0.31666666666666665,0,0,0,0
"geometry_transfer_012","geometry_transfer","ambiguous","frozen_motor_keys",1.0000000000000007,0.16666666666666685,0.83333333333333359,13.833333333333341,1.6666666666666679,15.5,1.0000000000000007,0.15500000000000003,0.75500000000000023,3.2550000000000012,0.26414761134025994,0.61728127047639925,0.6172812704763988,0
"geometry_transfer_012","geometry_transfer","ambiguous","frozen_motor_attention",1.0000000000000007,0,1.0000000000000007,8.0000000000000053,1.3333333333333341,9.3333333333333304,1.0000000000000007,0.093333333333333338,0.69333333333333336,3.6933333333333365,0.26414761134025994,0.61728127047639925,0.6172812704763988,0
"geometry_transfer_012","geometry_transfer","ambiguous","reset_memory",1.0000000000000007,0,1.0000000000000007,7.0000000000000027,1.8800000000000008,8.8799999999999972,1.0000000000000007,0.08879999999999999,0.68880000000000008,3.6888000000000019,0.26414761134025994,0.61728127047639925,0.6172812704763988,0
"geometry_transfer_012","geometry_transfer","intermediate","active",0.99999999999999967,0.84999999999999998,0.14999999999999997,24.766666666666666,3.5799999999999996,28.346666666666668,0.99999999999999967,0.28346666666666659,0.88346666666666629,1.333466666666667,0.23247095853774544,0.4863622732412532,0.48636227324125336,0
"geometry_transfer_012","geometry_transfer","intermediate","no_epistemic",0.99999999999999989,0.65000000000000002,0.34999999999999992,20.900000000000002,3.0199999999999996,23.920000000000002,0,0.2392,0.2392,1.2891999999999999,0.55299999999999994,1.2107499083865674,1.2107499083865669,0
"geometry_transfer_012","geometry_transfer","intermediate","no_look",0.99999999999999989,0.65000000000000002,0.34999999999999992,20.900000000000002,3.0199999999999996,23.920000000000002,0,0.2392,0.2392,1.2891999999999999,0.55299999999999994,1.2107499083865674,1.2107499083865669,0
"geometry_transfer_012","geometry_transfer","intermediate","matched_random_look",0.99999999999999944,0.78333333333333321,0.21666666666666676,23.477777777777778,3.3933333333333322,26.871111111111116,0.66666666666666641,0.26871111111111107,0.66871111111111103,1.3187111111111107,0.33931397235849686,0.72782481828969103,0.72782481828969059,0
"geometry_transfer_012","geometry_transfer","intermediate","compiled_matched",0.99999999999999967,0.84999999999999998,0.14999999999999997,24.766666666666666,3.5799999999999996,28.346666666666668,0.99999999999999967,0.28346666666666659,0.88346666666666629,1.333466666666667,0.23247095853774544,0.4863622732412532,0.48636227324125336,0
"geometry_transfer_012","geometry_transfer","intermediate","oracle",0.99999999999999989,0.99999999999999989,0,27.666666666666668,3.9999999999999996,31.666666666666668,0,0.31666666666666665,0.31666666666666665,0.31666666666666665,0,0,0,0
"geometry_transfer_012","geometry_transfer","intermediate","frozen_motor_keys",0.99999999999999967,0.1666666666666666,0.83333333333333315,13.833333333333336,1.6666666666666661,15.5,0.99999999999999967,0.155,0.75500000000000034,3.2550000000000008,0.23247095853774544,0.4863622732412532,0.48636227324125336,0
"geometry_transfer_012","geometry_transfer","intermediate","frozen_motor_attention",0.99999999999999967,0,0.99999999999999967,7.9999999999999973,1.333333333333333,9.3333333333333375,0.99999999999999967,0.093333333333333324,0.69333333333333325,3.693333333333332,0.23247095853774544,0.4863622732412532,0.48636227324125336,0
"geometry_transfer_012","geometry_transfer","intermediate","reset_memory",0.99999999999999967,0,0.99999999999999967,7.0000000000000009,1.8799999999999997,8.8800000000000043,0.99999999999999967,0.08879999999999999,0.68879999999999975,3.6887999999999983,0.23247095853774544,0.4863622732412532,0.48636227324125336,0
"geometry_transfer_012","geometry_transfer","reliable","active",1,0.90000000000000002,0.099999999999999978,25.733333333333331,3.7200000000000002,29.453333333333333,0,0.29453333333333337,0.29453333333333337,0.59453333333333325,0.18799999999999994,0.486026764634858,0.48602676463485794,0
"geometry_transfer_012","geometry_transfer","reliable","no_epistemic",1,0.90000000000000002,0.099999999999999978,25.733333333333331,3.7200000000000002,29.453333333333333,0,0.29453333333333337,0.29453333333333337,0.59453333333333325,0.18799999999999994,0.486026764634858,0.48602676463485794,0
"geometry_transfer_012","geometry_transfer","reliable","no_look",1,0.90000000000000002,0.099999999999999978,25.733333333333331,3.7200000000000002,29.453333333333333,0,0.29453333333333337,0.29453333333333337,0.59453333333333325,0.18799999999999994,0.486026764634858,0.48602676463485794,0
"geometry_transfer_012","geometry_transfer","reliable","matched_random_look",0.99999999999999944,0.90000000000000002,0.099999999999999936,25.73333333333332,3.7200000000000002,29.453333333333337,0.66666666666666619,0.29453333333333326,0.69453333333333322,0.9945333333333336,0.14808832614942521,0.31872908816036061,0.31872908816036055,0
"geometry_transfer_012","geometry_transfer","reliable","compiled_matched",1,0.90000000000000002,0.099999999999999978,25.733333333333331,3.7200000000000002,29.453333333333333,0,0.29453333333333337,0.29453333333333337,0.59453333333333325,0.18799999999999994,0.486026764634858,0.48602676463485794,0
"geometry_transfer_012","geometry_transfer","reliable","oracle",1,1,0,27.666666666666671,4,31.666666666666668,0,0.31666666666666665,0.31666666666666665,0.31666666666666665,0,0,0,0
"geometry_transfer_012","geometry_transfer","reliable","frozen_motor_keys",1,0.16666666666666666,0.83333333333333337,13.833333333333336,1.6666666666666667,15.5,0,0.15499999999999997,0.15499999999999997,2.6549999999999998,0.18799999999999994,0.486026764634858,0.48602676463485794,0
"geometry_transfer_012","geometry_transfer","reliable","frozen_motor_attention",1,0,1,8,1.3333333333333333,9.3333333333333304,0,0.093333333333333338,0.093333333333333338,3.0933333333333333,0.18799999999999994,0.486026764634858,0.48602676463485794,0
"geometry_transfer_012","geometry_transfer","reliable","reset_memory",1,0,1,7,1.9200000000000002,8.9199999999999999,0,0.089200000000000002,0.089200000000000002,3.0891999999999995,0.18799999999999994,0.486026764634858,0.48602676463485794,0
